Subreddit,User Count,Percentage of Total Users
r/zurich,306,11.4%
r/Switzerland,298,11.1%
r/askswitzerland,278,10.4%
r/EPFL,252,9.4%
r/gradadmissions,249,9.3%
r/AskReddit,169,6.3%
r/UZH,127,4.7%
r/ApplyingToCollege,110,4.1%
r/tumunich,109,4.1%
r/PhD,95,3.5%
r/csMajors,86,3.2%
r/math,85,3.2%
r/GradSchool,82,3.1%
r/cscareerquestions,78,2.9%
r/germany,77,2.9%
r/cscareerquestionsEU,77,2.9%
r/relationship_advice,72,2.7%
r/TUDelft,70,2.6%
r/memes,66,2.5%
r/Advice,65,2.4%
r/learnmath,65,2.4%
r/quant,65,2.4%
r/MachineLearning,64,2.4%
r/IBO,62,2.3%
r/AskAcademia,61,2.3%
r/Physics,58,2.2%
r/careerguidance,57,2.1%
r/quantfinance,57,2.1%
r/Imperial,57,2.1%
r/techsupport,56,2.1%
r/AskPhysics,55,2.0%
r/German,53,2.0%
r/college,53,2.0%
r/ChatGPT,53,2.0%
r/buildapc,53,2.0%
r/EngineeringStudents,52,1.9%
r/learnmachinelearning,51,1.9%
r/Indians_StudyAbroad,51,1.9%
r/Studium,49,1.8%
r/SwissPersonalFinance,49,1.8%
r/GRE,49,1.8%
r/NoStupidQuestions,48,1.8%
r/Showerthoughts,47,1.8%
r/dating_advice,46,1.7%
r/teenagers,46,1.7%
r/pcmasterrace,46,1.7%
r/UniUK,46,1.7%
r/Netherlands,46,1.7%
r/StudyInTheNetherlands,44,1.6%
r/travel,43,1.6%
r/Universitaly,42,1.6%
r/chemistry,42,1.6%
r/ElectricalEngineering,42,1.6%
r/MSCS,42,1.6%
r/learnprogramming,41,1.5%
r/askscience,40,1.5%
r/Sat,37,1.4%
r/france,37,1.4%
r/Watches,37,1.4%
r/bocconi,35,1.3%
r/wallstreetbets,35,1.3%
r/BUENZLI,34,1.3%
r/CERN,34,1.3%
r/AskMen,34,1.3%
r/Lausanne,34,1.3%
r/mit,34,1.3%
r/nus,33,1.2%
r/schwiiz,33,1.2%
r/askmath,33,1.2%
r/relationships,33,1.2%
r/Minecraft,33,1.2%
r/dankmemes,33,1.2%
r/6thForm,33,1.2%
r/AskDocs,31,1.2%
r/laptops,31,1.2%
r/india,31,1.2%
r/IELTS,30,1.1%
r/PhysicsStudents,30,1.1%
r/SkincareAddiction,30,1.1%
r/robotics,30,1.1%
r/leagueoflegends,30,1.1%
r/cambridge_uni,30,1.1%
r/tipofmytongue,30,1.1%
r/de,29,1.1%
r/JEENEETards,29,1.1%
r/basel,29,1.1%
r/PewdiepieSubmissions,29,1.1%
r/Munich,29,1.1%
r/LMUMunich,29,1.1%
r/ClashOfClans,28,1.0%
r/PcBuild,28,1.0%
r/webdev,28,1.0%
r/ClashRoyale,28,1.0%
r/chanceme,27,1.0%
r/ToeflAdvice,27,1.0%
r/mathematics,27,1.0%
r/gaming,27,1.0%
r/ETHzurich,27,1.0%
r/learnpython,27,1.0%
r/ADHD,27,1.0%
r/AskEngineers,27,1.0%
r/unpopularopinion,26,1.0%
r/FinancialCareers,26,1.0%
r/CryptoCurrency,26,1.0%
r/Fitness,26,1.0%
r/geneva,26,1.0%
r/HeadphoneAdvice,26,1.0%
r/offmychest,26,1.0%
r/datascience,26,1.0%
r/italy,26,1.0%
r/studying_in_germany,25,0.9%
r/Btechtards,25,0.9%
r/bioinformatics,25,0.9%
r/Piracy,25,0.9%
r/dating,25,0.9%
r/socialskills,25,0.9%
r/leetcode,25,0.9%
r/linuxquestions,25,0.9%
r/mathmemes,24,0.9%
r/mac,24,0.9%
r/kth,24,0.9%
r/depression,24,0.9%
r/chemhelp,24,0.9%
r/languagelearning,24,0.9%
r/MechanicalKeyboards,24,0.9%
r/oxforduni,24,0.9%
r/bern,24,0.9%
r/UCL,24,0.9%
r/UofT,24,0.9%
r/alevel,24,0.9%
r/mildlyinfuriating,24,0.9%
r/GYM,23,0.9%
r/TrueOffMyChest,23,0.9%
r/ask,23,0.9%
r/Italia,23,0.9%
r/studyAbroad,23,0.9%
r/developersIndia,23,0.9%
r/TooAfraidToAsk,23,0.9%
r/3Dprinting,23,0.9%
r/ArtificialInteligence,23,0.9%
r/berkeley,23,0.9%
r/internships,23,0.9%
r/FashionReps,23,0.9%
r/apple,23,0.9%
r/macbookpro,22,0.8%
r/LocalLLaMA,22,0.8%
r/biology,22,0.8%
r/AmItheAsshole,22,0.8%
r/PhDAdmissions,22,0.8%
r/labrats,22,0.8%
r/cats,22,0.8%
r/suisse,22,0.8%
r/statistics,22,0.8%
r/bangalore,22,0.8%
r/paris,22,0.8%
r/computerscience,22,0.8%
r/academia,21,0.8%
r/University,21,0.8%
r/AITAH,21,0.8%
r/anime,21,0.8%
r/europe,21,0.8%
r/AskElectronics,21,0.8%
r/meme,21,0.8%
r/Instagram,21,0.8%
r/Ticino,21,0.8%
r/askdentists,21,0.8%
r/wien,21,0.8%
r/explainlikeimfive,21,0.8%
r/selfimprovement,20,0.7%
r/shitposting,20,0.7%
r/Erasmus,20,0.7%
r/research,20,0.7%
r/OpenAI,20,0.7%
r/resumes,20,0.7%
r/youtube,20,0.7%
r/AskHistorians,20,0.7%
r/NTU,20,0.7%
r/chess,20,0.7%
r/GamingLaptops,20,0.7%
r/UniSG,20,0.7%
r/discordapp,20,0.7%
r/tressless,20,0.7%
r/rwth,20,0.7%
r/cmu,20,0.7%
r/Steam,20,0.7%
r/stanford,20,0.7%
r/SuggestALaptop,20,0.7%
r/iphone,19,0.7%
r/HelpMeFind,19,0.7%
r/Harvard,19,0.7%
r/sex,19,0.7%
r/reinforcementlearning,19,0.7%
r/Monitors,19,0.7%
r/AskAGerman,19,0.7%
r/mildlyinteresting,19,0.7%
r/tuberlin,19,0.7%
r/MITAdmissions,19,0.7%
r/pics,19,0.7%
r/BreakUps,18,0.7%
r/NameThatSong,18,0.7%
r/Anki,18,0.7%
r/askphilosophy,18,0.7%
r/applehelp,18,0.7%
r/ProgrammerHumor,18,0.7%
r/islam,18,0.7%
r/headphones,18,0.7%
r/piano,18,0.7%
r/legaladvice,18,0.7%
r/running,18,0.7%
r/Finanzen,17,0.6%
r/universityofamsterdam,17,0.6%
r/jobs,17,0.6%
r/personalfinance,17,0.6%
r/MechanicalEngineering,17,0.6%
r/polinetwork,17,0.6%
r/AskWomen,17,0.6%
r/biotech,17,0.6%
r/mentalhealth,17,0.6%
r/Entrepreneur,17,0.6%
r/AnarchyChess,17,0.6%
r/etudiants,17,0.6%
r/NoFap,17,0.6%
r/plantclinic,17,0.6%
r/thinkpad,17,0.6%
r/funny,17,0.6%
r/196,17,0.6%
r/berlin,16,0.6%
r/medical_advice,16,0.6%
r/delhi,16,0.6%
r/OrganicChemistry,16,0.6%
r/skiing,16,0.6%
r/KULeuven,16,0.6%
r/AskEconomics,16,0.6%
r/ItalyTravel,16,0.6%
r/deeplearning,16,0.6%
r/Revolut,16,0.6%
r/ukvisa,16,0.6%
r/Vent,16,0.6%
r/Brawlstars,16,0.6%
r/askSingapore,16,0.6%
r/fragrance,16,0.6%
r/Amsterdam,15,0.6%
r/IntltoUSA,15,0.6%
r/DTU,15,0.6%
r/ItaliaCareerAdvice,15,0.6%
r/AskFrance,15,0.6%
r/findfashion,15,0.6%
r/whatisthisthing,15,0.6%
r/computervision,15,0.6%
r/SideProject,15,0.6%
r/raspberry_pi,15,0.6%
r/SwitzerlandIsFake,15,0.6%
r/StatementOfPurpose,15,0.6%
r/duolingo,15,0.6%
r/books,15,0.6%
r/ItaliaPersonalFinance,15,0.6%
r/HomeNetworking,15,0.6%
r/photography,15,0.6%
r/formuladank,15,0.6%
r/Indian_Academia,15,0.6%
r/architecture,14,0.5%
r/formula1,14,0.5%
r/ipad,14,0.5%
r/bikewrench,14,0.5%
r/cycling,14,0.5%
r/InstitutPolytechnique,14,0.5%
r/HomeworkHelp,14,0.5%
r/mcgill,14,0.5%
r/AskStatistics,14,0.5%
r/archlinux,14,0.5%
r/SuicideWatch,14,0.5%
r/Python,14,0.5%
r/Genshin_Impact,14,0.5%
r/cursedcomments,14,0.5%
r/careeradvice,14,0.5%
r/aww,14,0.5%
r/linux4noobs,14,0.5%
r/EngineeringResumes,14,0.5%
r/belgium,13,0.5%
r/workout,13,0.5%
r/ios,13,0.5%
r/solotravel,13,0.5%
r/Notion,13,0.5%
r/eupersonalfinance,13,0.5%
r/JapanTravel,13,0.5%
r/Unity3D,13,0.5%
r/gregmat,13,0.5%
r/ASUS,13,0.5%
r/PcBuildHelp,13,0.5%
r/homelab,13,0.5%
r/samsung,13,0.5%
r/booksuggestions,13,0.5%
r/REU,13,0.5%
r/dubai,13,0.5%
r/MLQuestions,13,0.5%
r/columbia,13,0.5%
r/Music,13,0.5%
r/indiasocial,13,0.5%
r/WindowsHelp,13,0.5%
r/pcgaming,13,0.5%
r/arduino,13,0.5%
r/cybersecurity,13,0.5%
r/investing,13,0.5%
r/buildapcforme,13,0.5%
r/startups,13,0.5%
r/uofm,13,0.5%
r/Lenovo,13,0.5%
r/engineering,13,0.5%
r/london,13,0.5%
r/ItalyInformatica,13,0.5%
r/mapporncirclejerk,13,0.5%
r/whatsthisbug,13,0.5%
r/softwaregore,13,0.5%
r/Turkey,13,0.5%
r/ich_iel,13,0.5%
r/CBSE,13,0.5%
r/Aalto,12,0.4%
r/help,12,0.4%
r/HKUniversity,12,0.4%
r/Pixelary,12,0.4%
r/linux,12,0.4%
r/Cooking,12,0.4%
r/getdisciplined,12,0.4%
r/SampleSize,12,0.4%
r/learnfrench,12,0.4%
r/SoftwareEngineering,12,0.4%
r/electronics,12,0.4%
r/calculus,12,0.4%
r/ObsidianMD,12,0.4%
r/QuantumComputing,12,0.4%
r/ChemicalEngineering,12,0.4%
r/pokemongo,12,0.4%
r/Dell,12,0.4%
r/Cameras,12,0.4%
r/soccer,12,0.4%
r/malaysia,12,0.4%
r/Tinder,12,0.4%
r/chipdesign,12,0.4%
r/EnglishLearning,12,0.4%
r/unimelb,12,0.4%
r/movies,12,0.4%
r/AskEurope,12,0.4%
r/singapore,12,0.4%
r/VALORANT,12,0.4%
r/Anxiety,12,0.4%
r/Finland,11,0.4%
r/woodworking,11,0.4%
r/pchelp,11,0.4%
r/Kanye,11,0.4%
r/musicsuggestions,11,0.4%
r/interactivebrokers,11,0.4%
r/TCD,11,0.4%
r/studytips,11,0.4%
r/Crushes,11,0.4%
r/HKUST,11,0.4%
r/sweden,11,0.4%
r/malefashionadvice,11,0.4%
r/thenetherlands,11,0.4%
r/ksi,11,0.4%
r/graphic_design,11,0.4%
r/fujifilm,11,0.4%
r/MathHelp,11,0.4%
r/greece,11,0.4%
r/nyu,11,0.4%
r/selfhosted,11,0.4%
r/StableDiffusion,11,0.4%
r/uwaterloo,11,0.4%
r/FortNiteBR,11,0.4%
r/igcse,11,0.4%
r/gatech,11,0.4%
r/UIUC,11,0.4%
r/ECE,11,0.4%
r/Eldenring,11,0.4%
r/French,11,0.4%
r/bodyweightfitness,11,0.4%
r/Hair,11,0.4%
r/consulting,11,0.4%
r/Guitar,11,0.4%
r/hacking,11,0.4%
r/Skigear,11,0.4%
r/HolUp,11,0.4%
r/GradSchoolAdvice,11,0.4%
r/SGExams,11,0.4%
r/suggestmeabook,11,0.4%
r/KAUST,11,0.4%
r/AppleWatch,11,0.4%
r/love,11,0.4%
r/tipofmyjoystick,11,0.4%
r/SaaS,11,0.4%
r/JapanTravelTips,11,0.4%
r/SchengenVisa,11,0.4%
r/CrappyDesign,11,0.4%
r/CATpreparation,11,0.4%
r/stocks,11,0.4%
r/immigration,11,0.4%
r/italianlearning,11,0.4%
r/cars,11,0.4%
r/GetStudying,10,0.4%
r/macbookair,10,0.4%
r/MacOS,10,0.4%
r/JuJutsuKaisen,10,0.4%
r/MakeNewFriendsHere,10,0.4%
r/philosophy,10,0.4%
r/tipofmypenis,10,0.4%
r/pornID,10,0.4%
r/DermatologyQuestions,10,0.4%
r/Sneakers,10,0.4%
r/firefox,10,0.4%
r/manga,10,0.4%
r/Xiaomi,10,0.4%
r/Student,10,0.4%
r/linkedin,10,0.4%
r/MBA,10,0.4%
r/InternationalStudents,10,0.4%
r/naturalbodybuilding,10,0.4%
r/LaTeX,10,0.4%
r/rant,10,0.4%
r/ThailandTourism,10,0.4%
r/ucla,10,0.4%
r/GooglePixel,10,0.4%
r/Ubuntu,10,0.4%
r/tennis,10,0.4%
r/summonerschool,10,0.4%
r/redditrequest,10,0.4%
r/StarWars,10,0.4%
r/nutrition,10,0.4%
r/IndianTeenagers,10,0.4%
r/Windows10,10,0.4%
r/medicine,10,0.4%
r/ChineseLanguage,10,0.4%
r/UAE,10,0.4%
r/AskProgramming,10,0.4%
r/CFD,10,0.4%
r/medicalschool,10,0.4%
r/Austria,10,0.4%
r/houseplants,10,0.4%
r/mumbai,10,0.4%
r/BaldursGate3,10,0.4%
r/APStudents,10,0.4%
r/UBC,10,0.4%
r/China,10,0.4%
r/IWantOut,10,0.4%
r/oxford,10,0.4%
r/tuwien,10,0.4%
r/GlobalOffensive,10,0.4%
r/autism,10,0.4%
r/2westerneurope4u,10,0.4%
r/Overwatch,10,0.4%
r/TravelHacks,10,0.4%
r/serbia,10,0.4%
r/f1visa,10,0.4%
r/self,10,0.4%
r/arbeitsleben,9,0.3%
r/neuroscience,9,0.3%
r/golf,9,0.3%
r/Bitsatards,9,0.3%
r/UCD,9,0.3%
r/language_exchange,9,0.3%
r/computers,9,0.3%
r/outlier_ai,9,0.3%
r/TillSverige,9,0.3%
r/opensource,9,0.3%
r/vscode,9,0.3%
r/whatsapp,9,0.3%
r/VietNam,9,0.3%
r/HongKong,9,0.3%
r/Lasiksupport,9,0.3%
r/ComputerEngineering,9,0.3%
r/ZephyrusG14,9,0.3%
r/Morocco,9,0.3%
r/LenovoLegion,9,0.3%
r/Letterboxd,9,0.3%
r/KCL,9,0.3%
r/musictheory,9,0.3%
r/Bumble,9,0.3%
r/AskARussian,9,0.3%
r/drones,9,0.3%
r/academiceconomics,9,0.3%
r/unsw,9,0.3%
r/changemyview,9,0.3%
r/pop_os,9,0.3%
r/oneplus,9,0.3%
r/MapPorn,9,0.3%
r/jewelry,9,0.3%
r/compsci,9,0.3%
r/CleaningTips,9,0.3%
r/Surface,9,0.3%
r/LooksmaxingAdvice,9,0.3%
r/mensfashion,9,0.3%
r/AskPhotography,9,0.3%
r/rust,9,0.3%
r/Bitcoin,9,0.3%
r/financestudents,9,0.3%
r/frankfurt,9,0.3%
r/PiratedGames,9,0.3%
r/gamedev,9,0.3%
r/pakistan,9,0.3%
r/raisedbynarcissists,9,0.3%
r/GoodNotes,9,0.3%
r/PhotoshopRequest,9,0.3%
r/place,9,0.3%
r/trees,9,0.3%
r/russian,9,0.3%
r/hoi4,9,0.3%
r/eu4,9,0.3%
r/bald,9,0.3%
r/SurveyExchange,9,0.3%
r/adhdwomen,9,0.3%
r/BambuLab,9,0.3%
r/malehairadvice,9,0.3%
r/princeton,9,0.3%
r/nvidia,9,0.3%
r/playstation,9,0.3%
r/fashion,9,0.3%
r/Healthygamergg,9,0.3%
r/neovim,9,0.3%
r/JEE,9,0.3%
r/rome,9,0.3%
r/AskIndia,9,0.3%
r/Cornell,9,0.3%
r/expats,9,0.3%
r/FragReddit,9,0.3%
r/ShadowBan,9,0.3%
r/schweiz,9,0.3%
r/excel,9,0.3%
r/marketing,9,0.3%
r/AnalogCommunity,8,0.3%
r/google,8,0.3%
r/hungary,8,0.3%
r/antimeme,8,0.3%
r/scholarships,8,0.3%
r/RStudio,8,0.3%
r/ClaudeAI,8,0.3%
r/macbook,8,0.3%
r/AskProfessors,8,0.3%
r/photocritique,8,0.3%
r/hingeapp,8,0.3%
r/ucph,8,0.3%
r/matlab,8,0.3%
r/manhwa,8,0.3%
r/triathlon,8,0.3%
r/AskSerbia,8,0.3%
r/videos,8,0.3%
r/Banking,8,0.3%
r/gardening,8,0.3%
r/Interrail,8,0.3%
r/InstagramMarketing,8,0.3%
r/Supplements,8,0.3%
r/AskHistory,8,0.3%
r/programming,8,0.3%
r/IndianGaming,8,0.3%
r/FPGA,8,0.3%
r/gtaonline,8,0.3%
r/fuckcars,8,0.3%
r/audioengineering,8,0.3%
r/KendrickLamar,8,0.3%
r/ETFs,8,0.3%
r/LSE,8,0.3%
r/linux_gaming,8,0.3%
r/quantum,8,0.3%
r/CreditCardsIndia,8,0.3%
r/OnePunchMan,8,0.3%
r/movingtojapan,8,0.3%
r/comedyheaven,8,0.3%
r/attackontitan,8,0.3%
r/Dentistry,8,0.3%
r/analog,8,0.3%
r/medicalschoolEU,8,0.3%
r/ParisTravelGuide,8,0.3%
r/MovieSuggestions,8,0.3%
r/askspain,8,0.3%
r/informatik,8,0.3%
r/aws,8,0.3%
r/copypasta,8,0.3%
r/theydidthemath,8,0.3%
r/AskAnAmerican,8,0.3%
r/ireland,8,0.3%
r/musicproduction,8,0.3%
r/rareinsults,8,0.3%
r/ethereum,8,0.3%
r/simracing,8,0.3%
r/polito,8,0.3%
r/Android,8,0.3%
r/Windows11,8,0.3%
r/notinteresting,8,0.3%
r/jawsurgery,8,0.3%
r/mexico,8,0.3%
r/GalaxyTab,8,0.3%
r/Christianity,8,0.3%
r/TwoXChromosomes,8,0.3%
r/cpp,8,0.3%
r/btd6,8,0.3%
r/AskUK,8,0.3%
r/DotA2,8,0.3%
r/FreeKarma4You,8,0.3%
r/OnePiece,8,0.3%
r/LSD,8,0.3%
r/yale,8,0.3%
r/LifeAdvice,8,0.3%
r/EU5,8,0.3%
r/algotrading,8,0.3%
r/Jokes,8,0.3%
r/dadjokes,8,0.3%
r/embedded,8,0.3%
r/im14andthisisdeep,8,0.3%
r/Berserk,8,0.3%
r/bjj,8,0.3%
r/Daytrading,8,0.3%
r/UtrechtUniversity,8,0.3%
r/RepTime,8,0.3%
r/feedthebeast,8,0.3%
r/csgo,8,0.3%
r/DIY,8,0.3%
r/MouseReview,8,0.3%
r/weed,8,0.3%
r/aoe2,8,0.3%
r/Bard,8,0.3%
r/audiophile,8,0.3%
r/usvisascheduling,8,0.3%
r/Heidelberg,8,0.3%
r/Colognes,8,0.3%
r/Drugs,8,0.3%
r/Trading,8,0.3%
r/PoliticalCompassMemes,8,0.3%
r/hyderabad,8,0.3%
r/CitiesSkylines,8,0.3%
r/KaIT,8,0.3%
r/IndiaSpeaks,8,0.3%
r/Israel,8,0.3%
r/Norway,7,0.3%
r/FL_Studio,7,0.3%
r/TwoSentenceHorror,7,0.3%
r/NYUAbuDhabi,7,0.3%
r/UKUniversityStudents,7,0.3%
r/ClaudeCode,7,0.3%
r/unitedkingdom,7,0.3%
r/education,7,0.3%
r/TUe,7,0.3%
r/Barcelona,7,0.3%
r/trading212,7,0.3%
r/dji,7,0.3%
r/esp32,7,0.3%
r/PrintedCircuitBoard,7,0.3%
r/okbuddyretard,7,0.3%
r/AskMenAdvice,7,0.3%
r/iitbombay,7,0.3%
r/ROS,7,0.3%
r/Commodities,7,0.3%
r/ycombinator,7,0.3%
r/lonely,7,0.3%
r/Garmin,7,0.3%
r/Swimming,7,0.3%
r/Skincare_Addiction,7,0.3%
r/Flights,7,0.3%
r/productivity,7,0.3%
r/chessbeginners,7,0.3%
r/soccercirclejerk,7,0.3%
r/antiwork,7,0.3%
r/vibecoding,7,0.3%
r/technology,7,0.3%
r/dogecoin,7,0.3%
r/ShingekiNoKyojin,7,0.3%
r/software,7,0.3%
r/Chennai,7,0.3%
r/askgaybros,7,0.3%
r/travisscott,7,0.3%
r/ecommerce,7,0.3%
r/hinduism,7,0.3%
r/blursedimages,7,0.3%
r/aggies,7,0.3%
r/udub,7,0.3%
r/sadboys,7,0.3%
r/EscapefromTarkov,7,0.3%
r/h1b,7,0.3%
r/motorcycles,7,0.3%
r/Adulting,7,0.3%
r/abudhabi,7,0.3%
r/Stellaris,7,0.3%
r/Caltech,7,0.3%
r/Romania,7,0.3%
r/MTB,7,0.3%
r/NintendoSwitch,7,0.3%
r/Teachers,7,0.3%
r/cpp_questions,7,0.3%
r/LegalAdviceEurope,7,0.3%
r/questions,7,0.3%
r/interestingasfuck,7,0.3%
r/me_irl,7,0.3%
r/moreplatesmoredates,7,0.3%
r/Rainbow6,7,0.3%
r/bodybuilding,7,0.3%
r/Rowing,7,0.3%
r/ASUSROG,7,0.3%
r/cambridge,7,0.3%
r/todayilearned,7,0.3%
r/algorithms,7,0.3%
r/CodingHelp,7,0.3%
r/ShouldIbuythisgame,7,0.3%
r/Laptop,7,0.3%
r/geography,7,0.3%
r/geoguessr,7,0.3%
r/godot,7,0.3%
r/EuroSkincare,7,0.3%
r/ShitAmericansSay,7,0.3%
r/hiking,7,0.3%
r/torino,7,0.3%
r/LegalAdviceIndia,7,0.3%
r/polls,7,0.3%
r/politics,7,0.3%
r/chinalife,7,0.3%
r/Baking,7,0.3%
r/SkincareAddicts,7,0.3%
r/AerospaceEngineering,7,0.3%
r/ApplyingIvyLeague,7,0.3%
r/LegaladviceGerman,7,0.3%
r/blender,7,0.3%
r/UPenn,7,0.3%
r/mbti,7,0.3%
r/HistoryMemes,7,0.3%
r/wohnen,7,0.3%
r/singularity,7,0.3%
r/buildapcmonitors,7,0.3%
r/WeAreTheMusicMakers,7,0.3%
r/Memes_Of_The_Dank,7,0.3%
r/airpods,7,0.3%
r/AmIOverreacting,7,0.3%
r/linuxmint,7,0.3%
r/AMA,7,0.3%
r/Europetravel,7,0.3%
r/Scams,7,0.3%
r/IKEA,7,0.3%
r/spiders,7,0.3%
r/whatcarshouldIbuy,7,0.3%
r/TheLastAirbender,7,0.3%
r/synology,7,0.3%
r/vexillologycirclejerk,7,0.3%
r/Telegram,7,0.3%
r/LongDistance,7,0.3%
r/Denmark,7,0.3%
r/AskBarcelona,6,0.2%
r/Repsneakers,6,0.2%
r/Tomorrowland,6,0.2%
r/footballmanagergames,6,0.2%
r/EASportsFC,6,0.2%
r/snowboarding,6,0.2%
r/FIFA,6,0.2%
r/arcteryx,6,0.2%
r/PersonalFinanceCanada,6,0.2%
r/ufl,6,0.2%
r/ACT,6,0.2%
r/bulgaria,6,0.2%
r/VUAmsterdam,6,0.2%
r/DunderMifflin,6,0.2%
r/Upwork,6,0.2%
r/iitkgp,6,0.2%
r/Basketball,6,0.2%
r/Madrid,6,0.2%
r/keyboards,6,0.2%
r/olympics,6,0.2%
r/HypixelSkyblock,6,0.2%
r/sysadmin,6,0.2%
r/Aquariums,6,0.2%
r/perplexity_ai,6,0.2%
r/IndianStockMarket,6,0.2%
r/PoliticalCompass,6,0.2%
r/whereidlive,6,0.2%
r/IITDelhi,6,0.2%
r/cursor,6,0.2%
r/Mewing,6,0.2%
r/medical,6,0.2%
r/chemistrymemes,6,0.2%
r/translator,6,0.2%
r/unistuttgart,6,0.2%
r/AskIndianWomen,6,0.2%
r/shortcuts,6,0.2%
r/Edexcel,6,0.2%
r/GCSE,6,0.2%
r/ANSYS,6,0.2%
r/EntrepreneurRideAlong,6,0.2%
r/dataanalysis,6,0.2%
r/Hacking_Tutorials,6,0.2%
r/atheism,6,0.2%
r/boardgames,6,0.2%
r/dresden,6,0.2%
r/sustainability,6,0.2%
r/Unity2D,6,0.2%
r/Cubers,6,0.2%
r/GATEtard,6,0.2%
r/IISc,6,0.2%
r/GenZ,6,0.2%
r/albania,6,0.2%
r/wow,6,0.2%
r/MemeEconomy,6,0.2%
r/economy,6,0.2%
r/vegan,6,0.2%
r/DnD,6,0.2%
r/virtualreality,6,0.2%
r/ControlTheory,6,0.2%
r/McKinsey_BCG_Bain,6,0.2%
r/interviews,6,0.2%
r/dataisbeautiful,6,0.2%
r/PhysicsHelp,6,0.2%
r/Uniwien,6,0.2%
r/PokemonGoFriends,6,0.2%
r/Architects,6,0.2%
r/KGBTR,6,0.2%
r/PS5,6,0.2%
r/NFT,6,0.2%
r/galaxybuds,6,0.2%
r/ClashOfClansRecruit,6,0.2%
r/recruitinghell,6,0.2%
r/DiagnoseMe,6,0.2%
r/UKPersonalFinance,6,0.2%
r/AndroidQuestions,6,0.2%
r/japanlife,6,0.2%
r/dataengineering,6,0.2%
r/malaysiauni,6,0.2%
r/spotify,6,0.2%
r/fpv,6,0.2%
r/PlasticSurgery,6,0.2%
r/CatAdvice,6,0.2%
r/commercialisti,6,0.2%
r/browsers,6,0.2%
r/HairDye,6,0.2%
r/piercing,6,0.2%
r/playboicarti,6,0.2%
r/copenhagen,6,0.2%
r/LangChain,6,0.2%
r/Warhammer40k,6,0.2%
r/SatisfactoryGame,6,0.2%
r/Marathon_Training,6,0.2%
r/handbags,6,0.2%
r/Chempros,6,0.2%
r/startup,6,0.2%
r/digitalnomad,6,0.2%
r/AskAnAustralian,6,0.2%
r/Coronavirus,6,0.2%
r/mercedes_benz,6,0.2%
r/Animesuggest,6,0.2%
r/MachineLearningJobs,6,0.2%
r/PokemonTCG,6,0.2%
r/delhiuniversity,6,0.2%
r/materials,6,0.2%
r/Debate,6,0.2%
r/PassportPorn,6,0.2%
r/HollowKnight,6,0.2%
r/CasualIT,6,0.2%
r/amiugly,6,0.2%
r/Hairloss,6,0.2%
r/backpacking,6,0.2%
r/lgbt,6,0.2%
r/XRP,6,0.2%
r/AskRobotics,6,0.2%
r/StardustCrusaders,6,0.2%
r/socialanxiety,6,0.2%
r/hearthstone,6,0.2%
r/Damnthatsinteresting,6,0.2%
r/CrusaderKings,6,0.2%
r/Ratschlag,6,0.2%
r/neuro,6,0.2%
r/netflix,6,0.2%
r/Airpodsmax,6,0.2%
r/Tiktokhelp,6,0.2%
r/Jazz,6,0.2%
r/space,6,0.2%
r/liseliler,6,0.2%
r/needadvice,6,0.2%
r/FixMyPrint,6,0.2%
r/dropship,6,0.2%
r/fountainpens,6,0.2%
r/IndianDankMemes,6,0.2%
r/uErasmus,6,0.2%
r/CODWarzone,6,0.2%
r/Silksong,6,0.2%
r/LifeProTips,6,0.2%
r/sciencememes,6,0.2%
r/actuary,6,0.2%
r/hackathon,6,0.2%
r/AskAChinese,6,0.2%
r/Tickets,6,0.2%
r/kolkata,6,0.2%
r/UCSD,6,0.2%
r/KFUPM,6,0.2%
r/VacuumCleaners,6,0.2%
r/iOSProgramming,6,0.2%
r/Forex,6,0.2%
r/geology,6,0.2%
r/pens,6,0.2%
r/samplesize_DACH,6,0.2%
r/hiphopheads,6,0.2%
r/curlyhair,6,0.2%
r/AskComputerScience,6,0.2%
r/balkans_irl,6,0.2%
r/docker,6,0.2%
r/friendship,6,0.2%
r/science,6,0.2%
r/ArcBrowser,6,0.2%
r/Warframe,6,0.2%
r/OnlineDating,6,0.2%
r/knitting,6,0.2%
r/australia,6,0.2%
r/GermanCitizenship,6,0.2%
r/jhu,6,0.2%
r/Edinburgh_University,6,0.2%
r/AskOuija,6,0.2%
r/physicsmemes,6,0.2%
r/oddlysatisfying,6,0.2%
r/jailbreak,6,0.2%
r/cyberpunkgame,6,0.2%
r/TaylorSwift,6,0.2%
r/FacebookAds,6,0.2%
r/uktravel,5,0.2%
r/munichsocialclub,5,0.2%
r/bikepacking,5,0.2%
r/whichbike,5,0.2%
r/ntnu,5,0.2%
r/berlinsocialclub,5,0.2%
r/freiburg,5,0.2%
r/Perfumes,5,0.2%
r/Rlanguage,5,0.2%
r/BITSPilani,5,0.2%
r/Dublin,5,0.2%
r/CoinBase,5,0.2%
r/ChatGPTPro,5,0.2%
r/SocialParis,5,0.2%
r/RemoteJobs,5,0.2%
r/gis,5,0.2%
r/postdoc,5,0.2%
r/stockholm,5,0.2%
r/family,5,0.2%
r/Earbuds,5,0.2%
r/brussels,5,0.2%
r/tifu,5,0.2%
r/bicycling,5,0.2%
r/ForzaHorizon,5,0.2%
r/Technoblade,5,0.2%
r/MUN,5,0.2%
r/hardware,5,0.2%
r/powerlifting,5,0.2%
r/Domains,5,0.2%
r/wallstreetbetsGER,5,0.2%
r/GMAT,5,0.2%
r/computerarchitecture,5,0.2%
r/pune,5,0.2%
r/PCB,5,0.2%
r/Physiquecritique,5,0.2%
r/ifyoulikeblank,5,0.2%
r/studienkolleg,5,0.2%
r/Rammstein,5,0.2%
r/logitech,5,0.2%
r/smallbusiness,5,0.2%
r/LawSchool,5,0.2%
r/socialmedia,5,0.2%
r/SocialMediaMarketing,5,0.2%
r/Cplusplus,5,0.2%
r/usyd,5,0.2%
r/androidapps,5,0.2%
r/IndiaTech,5,0.2%
r/eurovision,5,0.2%
r/GeminiAI,5,0.2%
r/SneakersIndia,5,0.2%
r/batteries,5,0.2%
r/bootroom,5,0.2%
r/BatmanArkham,5,0.2%
r/CityPorn,5,0.2%
r/10s,5,0.2%
r/blenderhelp,5,0.2%
r/iamverysmart,5,0.2%
r/technicallythetruth,5,0.2%
r/TwentiesIndia,5,0.2%
r/saudiarabia,5,0.2%
r/TeenIndia,5,0.2%
r/religion,5,0.2%
r/freelance,5,0.2%
r/freelance_forhire,5,0.2%
r/tattoos,5,0.2%
r/Purdue,5,0.2%
r/gamingsuggestions,5,0.2%
r/Animemes,5,0.2%
r/streetwear,5,0.2%
r/imaginarymaps,5,0.2%
r/ChinaLiuXueSheng,5,0.2%
r/privacy,5,0.2%
r/Catholicism,5,0.2%
r/snapchat,5,0.2%
r/civilengineering,5,0.2%
r/short,5,0.2%
r/Nepal,5,0.2%
r/PhDStress,5,0.2%
r/lego,5,0.2%
r/lingling40hrs,5,0.2%
r/IWantToLearn,5,0.2%
r/DoesAnybodyElse,5,0.2%
r/GeForceNOW,5,0.2%
r/CasualConversation,5,0.2%
r/razer,5,0.2%
r/ProtonMail,5,0.2%
r/dalle2,5,0.2%
r/swissarmy,5,0.2%
r/JerkOffChat,5,0.2%
r/molecularbiology,5,0.2%
r/Bogleheads,5,0.2%
r/Slovenia,5,0.2%
r/Strava,5,0.2%
r/Resume,5,0.2%
r/uchicago,5,0.2%
r/bicycletouring,5,0.2%
r/BuyItForLife,5,0.2%
r/celestegame,5,0.2%
r/Colombia,5,0.2%
r/Backcountry,5,0.2%
r/PickAnAndroidForMe,5,0.2%
r/SonyAlpha,5,0.2%
r/todoist,5,0.2%
r/hometheater,5,0.2%
r/reddeadredemption,5,0.2%
r/drawing,5,0.2%
r/INTP,5,0.2%
r/Amd,5,0.2%
r/highschool,5,0.2%
r/Gifted,5,0.2%
r/rocketry,5,0.2%
r/lebanon,5,0.2%
r/abitur,5,0.2%
r/revancedapp,5,0.2%
r/SwordAndSupperGame,5,0.2%
r/freediving,5,0.2%
r/unity,5,0.2%
r/TwoXIndia,5,0.2%
r/XXRunning,5,0.2%
r/Luzern,5,0.2%
r/test,5,0.2%
r/forhire,5,0.2%
r/RandomThoughts,5,0.2%
r/KimetsuNoYaiba,5,0.2%
r/premed,5,0.2%
r/CPTSD,5,0.2%
r/ENGLISH,5,0.2%
r/DSP,5,0.2%
r/Egypt,5,0.2%
r/Dhaka,5,0.2%
r/placeDE,5,0.2%
r/euro2024,5,0.2%
r/travelchina,5,0.2%
r/Bangkok,5,0.2%
r/tissot,5,0.2%
r/CollegeAdmissions,5,0.2%
r/vinted,5,0.2%
r/diet,5,0.2%
r/MakeupAddiction,5,0.2%
r/AskWomenOver30,5,0.2%
r/GraphicsProgramming,5,0.2%
r/Subliminal,5,0.2%
r/Astronomy,5,0.2%
r/darksouls,5,0.2%
r/onebag,5,0.2%
r/japan,5,0.2%
r/Haircare,5,0.2%
r/okbuddychicanery,5,0.2%
r/InformatikKarriere,5,0.2%
r/Biohackers,5,0.2%
r/BrownU,5,0.2%
r/Balding,5,0.2%
r/NFTsMarketplace,5,0.2%
r/hyprland,5,0.2%
r/tbatenovel,5,0.2%
r/Cringetopia,5,0.2%
r/assassinscreed,5,0.2%
r/PSLUniversity,5,0.2%
r/SwitchPirates,5,0.2%
r/Twitch,5,0.2%
r/Onyx_Boox,5,0.2%
r/Naruto,5,0.2%
r/NewSkaters,5,0.2%
r/apexlegends,5,0.2%
r/RemarkableTablet,5,0.2%
r/programminghorror,5,0.2%
r/ethtrader,5,0.2%
r/BitcoinMining,5,0.2%
r/QuantumPhysics,5,0.2%
r/deadbydaylight,5,0.2%
r/artificial,5,0.2%
r/AskNYC,5,0.2%
r/AMDHelp,5,0.2%
r/cscareerquestionsuk,5,0.2%
r/gurgaon,5,0.2%
r/freefolk,5,0.2%
r/Spanish,5,0.2%
r/football,5,0.2%
r/islamabad,5,0.2%
r/zelda,5,0.2%
r/insomnia,5,0.2%
r/ASU,5,0.2%
r/tueindhoven,5,0.2%
r/Terraria,5,0.2%
r/deadcells,5,0.2%
r/brave_browser,5,0.2%
r/orthotropics,5,0.2%
r/Sekiro,5,0.2%
r/Entrepreneurship,5,0.2%
r/aachen,5,0.2%
r/askTO,5,0.2%
r/cs50,5,0.2%
r/ibPhysics,5,0.2%
r/DAAD,5,0.2%
r/Polytopia,5,0.2%
r/IndieDev,5,0.2%
r/EarthPorn,5,0.2%
r/Prague,5,0.2%
r/budapest,5,0.2%
r/Parenting,5,0.2%
r/harrypotter,5,0.2%
r/FAU_university,5,0.2%
r/UniBern,5,0.2%
r/Psychologie,5,0.2%
r/Poetry,5,0.2%
r/Warthunder,5,0.2%
r/KitchenConfidential,5,0.2%
r/Miami,5,0.2%
r/conseiljuridique,5,0.2%
r/skyrimmods,5,0.2%
r/spain,5,0.2%
r/slaythespire,5,0.2%
r/InteriorDesign,5,0.2%
r/martialarts,5,0.2%
r/ICSE,5,0.2%
r/alcohol,5,0.2%
r/RocketLeague,5,0.2%
r/networking,5,0.2%
r/Sorbonne,5,0.2%
r/mathe,5,0.2%
r/sidehustle,5,0.2%
r/obs,5,0.2%
r/probabilitytheory,5,0.2%
r/fantanoforever,5,0.2%
r/meirl,5,0.2%
r/squidgame,5,0.2%
r/amIuglyBrutallyHonest,5,0.2%
r/OCPoetry,5,0.2%
r/whatsthisplant,5,0.2%
r/Rotterdam,5,0.2%
r/ParisSaclay,5,0.2%
r/MushroomGrowers,5,0.2%
r/CarsIndia,5,0.2%
r/TU_Darmstadt,5,0.2%
r/Avvocati,5,0.2%
r/sleep,5,0.2%
r/DesignerReps,5,0.2%
r/DataHoarder,5,0.2%
r/mildlypenis,5,0.2%
r/GoingToSpain,5,0.2%
r/ArtistLounge,5,0.2%
r/flying,5,0.2%
r/milano,5,0.2%
r/Nootropics,5,0.2%
r/adidas,4,0.1%
r/Techno,4,0.1%
r/unexpectedfactorial,4,0.1%
r/poland,4,0.1%
r/nonutnovember,4,0.1%
r/OfficeChairs,4,0.1%
r/GarminWatches,4,0.1%
r/linuxhardware,4,0.1%
r/sixthform,4,0.1%
r/visas,4,0.1%
r/ChatGPTPromptGenius,4,0.1%
r/macapps,4,0.1%
r/Futurology,4,0.1%
r/school,4,0.1%
r/ChatGPTCoding,4,0.1%
r/Biochemistry,4,0.1%
r/UCSantaBarbara,4,0.1%
r/sad,4,0.1%
r/Cricket,4,0.1%
r/computer,4,0.1%
r/cuhk,4,0.1%
r/paypal,4,0.1%
r/RoyaleAPI,4,0.1%
r/eindhoven,4,0.1%
r/zen_browser,4,0.1%
r/unixporn,4,0.1%
r/cscareers,4,0.1%
r/Referrals,4,0.1%
r/overclocking,4,0.1%
r/Huawei,4,0.1%
r/furniture,4,0.1%
r/BostonU,4,0.1%
r/takemysurvey,4,0.1%
r/watchrepair,4,0.1%
r/cs2,4,0.1%
r/news,4,0.1%
r/exchangestudents,4,0.1%
r/ABCDesis,4,0.1%
r/CrackSupport,4,0.1%
r/pinkfloyd,4,0.1%
r/PokemonROMhacks,4,0.1%
r/PrequelMemes,4,0.1%
r/SpecialSnowflake,4,0.1%
r/Bass,4,0.1%
r/RoleReversal,4,0.1%
r/FluidMechanics,4,0.1%
r/textbookrequest,4,0.1%
r/collegecompare,4,0.1%
r/FrugalSwitzerland,4,0.1%
r/sciencespo,4,0.1%
r/pokemon,4,0.1%
r/bouldering,4,0.1%
r/Stoicism,4,0.1%
r/WhatIsMyCQS,4,0.1%
r/rolex,4,0.1%
r/diydrones,4,0.1%
r/F1Technical,4,0.1%
r/lawschooladmissions,4,0.1%
r/boston,4,0.1%
r/canada,4,0.1%
r/matheducation,4,0.1%
r/analytics,4,0.1%
r/Fedora,4,0.1%
r/chat,4,0.1%
r/GoogleGeminiAI,4,0.1%
r/n8n,4,0.1%
r/UCI,4,0.1%
r/Hewlett_Packard,4,0.1%
r/Minoxbeards,4,0.1%
r/montreal,4,0.1%
r/cryptomining,4,0.1%
r/RaidenMains,4,0.1%
r/buildinpublic,4,0.1%
r/thesidehustle,4,0.1%
r/Business_Ideas,4,0.1%
r/datasets,4,0.1%
r/Twitter,4,0.1%
r/InternetIsBeautiful,4,0.1%
r/HowToHack,4,0.1%
r/IndianFashionAddicts,4,0.1%
r/AskMenOver30,4,0.1%
r/cybersecurity_help,4,0.1%
r/insects,4,0.1%
r/india_cycling,4,0.1%
r/prusa3d,4,0.1%
r/Handwerker,4,0.1%
r/rfelectronics,4,0.1%
r/Students,4,0.1%
r/classicalmusic,4,0.1%
r/lies,4,0.1%
r/Luxembourg,4,0.1%
r/gameofthrones,4,0.1%
r/learnart,4,0.1%
r/WorkoutRoutines,4,0.1%
r/ExperiencedDevs,4,0.1%
r/nextjs,4,0.1%
r/NepalSocial,4,0.1%
r/socialism,4,0.1%
r/UniversityOfWarwick,4,0.1%
r/esa,4,0.1%
r/Jungle_Mains,4,0.1%
r/PERSoNA,4,0.1%
r/beatsaber,4,0.1%
r/titanfall,4,0.1%
r/malelivingspace,4,0.1%
r/plants,4,0.1%
r/shittyaskscience,4,0.1%
r/LearnJapanese,4,0.1%
r/sewing,4,0.1%
r/intermittentfasting,4,0.1%
r/IndianSkincareAddicts,4,0.1%
r/MinecraftMemes,4,0.1%
r/NewToReddit,4,0.1%
r/ItalyMotori,4,0.1%
r/marvelrivals,4,0.1%
r/chemistryhelp,4,0.1%
r/gopro,4,0.1%
r/popheads,4,0.1%
r/study,4,0.1%
r/UKJobs,4,0.1%
r/DesiFragranceAddicts,4,0.1%
r/Wellthatsucks,4,0.1%
r/PERU,4,0.1%
r/YurtdisiUni,4,0.1%
r/uichicago,4,0.1%
r/pdf,4,0.1%
r/FRM,4,0.1%
r/videogames,4,0.1%
r/MentalHealthSupport,4,0.1%
r/MuslimLounge,4,0.1%
r/dartmouth,4,0.1%
r/foodscience,4,0.1%
r/golang,4,0.1%
r/Tools,4,0.1%
r/studying,4,0.1%
r/GalaxyWatch,4,0.1%
r/titanfolk,4,0.1%
r/Tokyo,4,0.1%
r/ski,4,0.1%
r/Seaofthieves,4,0.1%
r/microbiology,4,0.1%
r/breakingbad,4,0.1%
r/davinciresolve,4,0.1%
r/Thailand,4,0.1%
r/spotifywrapped,4,0.1%
r/vlsi,4,0.1%
r/eth,4,0.1%
r/polyamory,4,0.1%
r/Sidemen,4,0.1%
r/programare,4,0.1%
r/googlecloud,4,0.1%
r/whatsthisrock,4,0.1%
r/cryptography,4,0.1%
r/outerwilds,4,0.1%
r/magicTCG,4,0.1%
r/TalkTherapy,4,0.1%
r/Kerala,4,0.1%
r/Anticonsumption,4,0.1%
r/beginnerrunning,4,0.1%
r/overemployed,4,0.1%
r/askhungary,4,0.1%
r/RelationshipIndia,4,0.1%
r/AskOldPeople,4,0.1%
r/askpsychology,4,0.1%
r/indonesia,4,0.1%
r/Northwestern,4,0.1%
r/pytorch,4,0.1%
r/rickandmorty,4,0.1%
r/LightNovels,4,0.1%
r/electronicmusic,4,0.1%
r/longevity,4,0.1%
r/laundry,4,0.1%
r/lasik,4,0.1%
r/TMJ,4,0.1%
r/Whatisthis,4,0.1%
r/Crypto_com,4,0.1%
r/mext,4,0.1%
r/Fusion360,4,0.1%
r/gofundme,4,0.1%
r/NoMansSkyTheGame,4,0.1%
r/minipainting,4,0.1%
r/AskSF,4,0.1%
r/cookingforbeginners,4,0.1%
r/bayarea,4,0.1%
r/womenintech,4,0.1%
r/watchesindia,4,0.1%
r/CUETards,4,0.1%
r/KAIST,4,0.1%
r/computergraphics,4,0.1%
r/UniBonn,4,0.1%
r/UnethicalLifeProTips,4,0.1%
r/dirtyr4r,4,0.1%
r/shrimptank,4,0.1%
r/synthesizers,4,0.1%
r/Beatmatch,4,0.1%
r/HomeServer,4,0.1%
r/medizin,4,0.1%
r/Breadit,4,0.1%
r/Nails,4,0.1%
r/cognitiveTesting,4,0.1%
r/mensa,4,0.1%
r/IsraelPalestine,4,0.1%
r/Crypto_Currency_News,4,0.1%
r/solana,4,0.1%
r/LaptopDealsIndia,4,0.1%
r/MaterialsScience,4,0.1%
r/facepalm,4,0.1%
r/ESCP,4,0.1%
r/learnjava,4,0.1%
r/videography,4,0.1%
r/Judaism,4,0.1%
r/Life,4,0.1%
r/exmuslim,4,0.1%
r/audio,4,0.1%
r/forhonor,4,0.1%
r/dumbphones,4,0.1%
r/degoogle,4,0.1%
r/jav,4,0.1%
r/DirtySnapchat,4,0.1%
r/AskTurkey,4,0.1%
r/r4r,4,0.1%
r/Switch,4,0.1%
r/badminton,4,0.1%
r/cheatatmathhomework,4,0.1%
r/LinearAlgebra,4,0.1%
r/intel,4,0.1%
r/animalid,4,0.1%
r/vancouver,4,0.1%
r/microsoft,4,0.1%
r/venturecapital,4,0.1%
r/kindle,4,0.1%
r/Firebase,4,0.1%
r/23andme,4,0.1%
r/LinusTechTips,4,0.1%
r/3dspiracy,4,0.1%
r/whereisthis,4,0.1%
r/NewTubers,4,0.1%
r/Rateme,4,0.1%
r/Money,4,0.1%
r/SuddenlyGay,4,0.1%
r/twentyonepilots,4,0.1%
r/history,4,0.1%
r/VindictaRateCelebs,4,0.1%
r/2meirl4meirl,4,0.1%
r/grandorder,4,0.1%
r/C_Programming,4,0.1%
r/tattooadvice,4,0.1%
r/Physik,4,0.1%
r/AskChemistry,4,0.1%
r/FigureSkating,4,0.1%
r/PTCGP,4,0.1%
r/windows,4,0.1%
r/ConflictofNations,4,0.1%
r/AskMechanics,4,0.1%
r/MechanicAdvice,4,0.1%
r/Edinburgh,4,0.1%
r/TamilNadu,4,0.1%
r/FortniteCompetitive,4,0.1%
r/Corsair,4,0.1%
r/AskAcademiaUK,4,0.1%
r/USVisas,4,0.1%
r/Pandabuy,4,0.1%
r/geometrydash,4,0.1%
r/Asmongold,4,0.1%
r/WeightLossAdvice,4,0.1%
r/JoeRogan,4,0.1%
r/bonehurtingjuice,4,0.1%
r/referralcodes,4,0.1%
r/beermoney,4,0.1%
r/findareddit,4,0.1%
r/dataannotation,4,0.1%
r/TheHague,4,0.1%
r/sololeveling,4,0.1%
r/whereintheworld,4,0.1%
r/codeforces,4,0.1%
r/Unexpected,4,0.1%
r/YUROP,4,0.1%
r/starterpacks,4,0.1%
r/AI_Agents,4,0.1%
r/sales,4,0.1%
r/shanghai,4,0.1%
r/Design,4,0.1%
r/AskAnAfrican,4,0.1%
r/shittyfoodporn,4,0.1%
r/thefinals,4,0.1%
r/LegalAdviceUK,4,0.1%
r/Frontend,4,0.1%
r/Accutane,4,0.1%
r/desmos,4,0.1%
r/Smartphones,4,0.1%
r/ErgoMechKeyboards,4,0.1%
r/Pets,4,0.1%
r/virtualbox,4,0.1%
r/ImmigrationCanada,4,0.1%
r/CFA,4,0.1%
r/WomensHealth,4,0.1%
r/bugs,4,0.1%
r/javahelp,4,0.1%
r/learntodraw,4,0.1%
r/umass,4,0.1%
r/homeassistant,4,0.1%
r/de_EDV,4,0.1%
r/LegitCheck,4,0.1%
r/progressive_islam,4,0.1%
r/narcissisticparents,4,0.1%
r/einfach_posten,4,0.1%
r/MaladaptiveDreaming,4,0.1%
r/arcane,4,0.1%
r/Songwriting,4,0.1%
r/lotr,4,0.1%
r/camphalfblood,4,0.1%
r/facebook,4,0.1%
r/TeamfightTactics,4,0.1%
r/filmphotography,4,0.1%
r/Nikon,4,0.1%
r/Passports,4,0.1%
r/RichPeoplePF,4,0.1%
r/xxfitness,4,0.1%
r/writing,4,0.1%
r/psychologystudents,4,0.1%
r/psychology,4,0.1%
r/BrandNewSentence,4,0.1%
r/kde,4,0.1%
r/YasuoMains,4,0.1%
r/Dreams,4,0.1%
r/Winti,4,0.1%
r/Monash,4,0.1%
r/slavelabour,4,0.1%
r/StocksAndTrading,4,0.1%
r/Polska,4,0.1%
r/awfuleverything,4,0.1%
r/4chan,4,0.1%
r/Frugal,4,0.1%
r/Tunisia,4,0.1%
r/expedition33,4,0.1%
r/KerbalSpaceProgram,4,0.1%
r/AlexandriaEgy,4,0.1%
r/perfectlycutscreams,4,0.1%
r/selfharm,4,0.1%
r/iPadPro,4,0.1%
r/LLMDevs,4,0.1%
r/rap,4,0.1%
r/Bannerlord,4,0.1%
r/GetMotivated,4,0.1%
r/whatisthisbug,4,0.1%
r/Forexstrategy,4,0.1%
r/TikTok,4,0.1%
r/CricketShitpost,4,0.1%
r/IndiaCricket,4,0.1%
r/MemeTemplatesOfficial,4,0.1%
r/bloodborne,4,0.1%
r/40kLore,4,0.1%
r/wine,4,0.1%
r/darksouls3,4,0.1%
r/realmadrid,4,0.1%
r/fragranceclones,4,0.1%
r/finansije,4,0.1%
r/PublicFreakout,4,0.1%
r/uofmn,4,0.1%
r/succulents,4,0.1%
r/AutismInWomen,4,0.1%
r/SwitzerlandFirst,4,0.1%
r/antidepressants,4,0.1%
r/RunningShoeGeeks,4,0.1%
r/Invisalign,4,0.1%
r/korea,4,0.1%
r/fakehistoryporn,4,0.1%
r/asklinguistics,4,0.1%
r/CallOfDuty,4,0.1%
r/LaCasaDePapel,4,0.1%
r/StockMarket,4,0.1%
r/DrMartens,4,0.1%
r/writers,4,0.1%
r/SelfAwarewolves,4,0.1%
r/OMSCS,4,0.1%
r/howyoudoin,4,0.1%
r/dropshipping,4,0.1%
r/MODELING,4,0.1%
r/acne,4,0.1%
r/Ni_Bondha,4,0.1%
r/NYCapartments,4,0.1%
r/FinancialPlanning,4,0.1%
r/shrooms,4,0.1%
r/PiNetwork,4,0.1%
r/StereoAdvice,4,0.1%
r/gay,3,0.1%
r/UniversityofTwente,3,0.1%
r/LDR,3,0.1%
r/architecturestudent,3,0.1%
r/Oman,3,0.1%
r/tinnitus,3,0.1%
r/circlejerk,3,0.1%
r/aves,3,0.1%
r/ableton,3,0.1%
r/DrugNerds,3,0.1%
r/fut,3,0.1%
r/EpicGamesPC,3,0.1%
r/LUMS,3,0.1%
r/notredame,3,0.1%
r/namenerds,3,0.1%
r/samsunggalaxy,3,0.1%
r/MbtiTypeMe,3,0.1%
r/wallets,3,0.1%
r/beziehungen,3,0.1%
r/JEEAdv25dailyupdates,3,0.1%
r/PalmReading,3,0.1%
r/EuropeFIRE,3,0.1%
r/unil,3,0.1%
r/PromptEngineering,3,0.1%
r/ollama,3,0.1%
r/ledgerwallet,3,0.1%
r/SEO,3,0.1%
r/github,3,0.1%
r/Anthropic,3,0.1%
r/Jujutsufolk,3,0.1%
r/TeensMeetTeens,3,0.1%
r/MeetPeople,3,0.1%
r/MeetNewPeopleHere,3,0.1%
r/brasil,3,0.1%
r/Brazil,3,0.1%
r/alignerr,3,0.1%
r/joinstellarai,3,0.1%
r/unibasel,3,0.1%
r/studyinGermany,3,0.1%
r/iiit,3,0.1%
r/menshealth,3,0.1%
r/HaircareScience,3,0.1%
r/Doom,3,0.1%
r/watercooling,3,0.1%
r/computerhelp,3,0.1%
r/ARK,3,0.1%
r/Seiko,3,0.1%
r/youtubers,3,0.1%
r/UniversityofFlorida,3,0.1%
r/AmongUs,3,0.1%
r/ProgrammingLanguages,3,0.1%
r/radiohead,3,0.1%
r/ChinaTime,3,0.1%
r/photoshop,3,0.1%
r/silenthill,3,0.1%
r/canon,3,0.1%
r/Feminism,3,0.1%
r/worldnews,3,0.1%
r/cinematography,3,0.1%
r/usa,3,0.1%
r/Steuern,3,0.1%
r/restaurantowners,3,0.1%
r/mutualfunds,3,0.1%
r/PESU,3,0.1%
r/Posture,3,0.1%
r/neoliberal,3,0.1%
r/theyknew,3,0.1%
r/pyrocynical,3,0.1%
r/Conservative,3,0.1%
r/bioinformaticscareers,3,0.1%
r/BDSMpersonals,3,0.1%
r/options,3,0.1%
r/msu,3,0.1%
r/PolymarketHQ,3,0.1%
r/heartbreak,3,0.1%
r/MusicRecommendations,3,0.1%
r/Zermatt,3,0.1%
r/Destiny,3,0.1%
r/StudyInItaly,3,0.1%
r/Asustuf,3,0.1%
r/itookapicture,3,0.1%
r/NetherlandsHousing,3,0.1%
r/Quebec,3,0.1%
r/csgomarketforum,3,0.1%
r/ProductivityApps,3,0.1%
r/androiddev,3,0.1%
r/comp_chem,3,0.1%
r/UniTuebingen,3,0.1%
r/GMail,3,0.1%
r/IndiaCoffee,3,0.1%
r/TOEFL,3,0.1%
r/ImageJ,3,0.1%
r/Howtolooksmax,3,0.1%
r/roblox,3,0.1%
r/tommyinnit,3,0.1%
r/Austin,3,0.1%
r/UTAustin,3,0.1%
r/UnsentLetters,3,0.1%
r/redditmoment,3,0.1%
r/indiehackers,3,0.1%
r/microsaas,3,0.1%
r/softwaredevelopment,3,0.1%
r/scaleinpublic,3,0.1%
r/askdatascience,3,0.1%
r/PolymarketTrading,3,0.1%
r/LinkedInLunatics,3,0.1%
r/MumbaiMarketplace,3,0.1%
r/animeindian,3,0.1%
r/Fitness_India,3,0.1%
r/IITK,3,0.1%
r/beginnerfitness,3,0.1%
r/CyberSecurityAdvice,3,0.1%
r/Delft,3,0.1%
r/BookshelvesDetective,3,0.1%
r/UMD,3,0.1%
r/USF,3,0.1%
r/VirginiaTech,3,0.1%
r/rutgers,3,0.1%
r/CivVI,3,0.1%
r/CodingTR,3,0.1%
r/tourdefrance,3,0.1%
r/goodanimemes,3,0.1%
r/SBB,3,0.1%
r/PCBaumeister,3,0.1%
r/vexillology,3,0.1%
r/worldbuilding,3,0.1%
r/indianstudents,3,0.1%
r/OSINT,3,0.1%
r/PoliticalScience,3,0.1%
r/AskMiddleEast,3,0.1%
r/Wordpress,3,0.1%
r/law,3,0.1%
r/Palestine,3,0.1%
r/NSFW411,3,0.1%
r/TheBoys,3,0.1%
r/ITCareerQuestions,3,0.1%
r/ESLegal,3,0.1%
r/IITR,3,0.1%
r/AusVisa,3,0.1%
r/GaySnapchatImages,3,0.1%
r/Existentialism,3,0.1%
r/DivinityOriginalSin,3,0.1%
r/LeagueOfMemes,3,0.1%
r/forsen,3,0.1%
r/persona4golden,3,0.1%
r/atrioc,3,0.1%
r/LudwigAhgren,3,0.1%
r/pokemontrades,3,0.1%
r/shittysuperpowers,3,0.1%
r/HIMYM,3,0.1%
r/WhatsThisShoe,3,0.1%
r/TheLetterH,3,0.1%
r/japanese,3,0.1%
r/inazumaeleven,3,0.1%
r/AskScienceDiscussion,3,0.1%
r/goetheuni,3,0.1%
r/jordan,3,0.1%
r/Italian,3,0.1%
r/robursa,3,0.1%
r/TheoreticalPhysics,3,0.1%
r/Muse,3,0.1%
r/SteamDeck,3,0.1%
r/residentevil,3,0.1%
r/moldova,3,0.1%
r/UgreenNASync,3,0.1%
r/CanadaUniversities,3,0.1%
r/whowouldwin,3,0.1%
r/buecher,3,0.1%
r/framework,3,0.1%
r/photoshopbattles,3,0.1%
r/business,3,0.1%
r/italymusica,3,0.1%
r/balatro,3,0.1%
r/learndutch,3,0.1%
r/FinanzenAT,3,0.1%
r/CrazyFuckingVideos,3,0.1%
r/Database,3,0.1%
r/ChargingSheet,3,0.1%
r/DecidingToBeBetter,3,0.1%
r/assettocorsa,3,0.1%
r/GregDoucette,3,0.1%
r/IndianAcademia,3,0.1%
r/AusFinance,3,0.1%
r/MathOlympiad,3,0.1%
r/legaladviceofftopic,3,0.1%
r/marvelstudios,3,0.1%
r/RLCraft,3,0.1%
r/CalisthenicsCulture,3,0.1%
r/mcp,3,0.1%
r/casio,3,0.1%
r/HomeImprovement,3,0.1%
r/huggingface,3,0.1%
r/CanyonBikes,3,0.1%
r/ROGAlly,3,0.1%
r/signal,3,0.1%
r/Motors,3,0.1%
r/Sextortion,3,0.1%
r/GetEmployed,3,0.1%
r/energy,3,0.1%
r/coding,3,0.1%
r/DKstudie,3,0.1%
r/antivirus,3,0.1%
r/Automate,3,0.1%
r/GaussianSplatting,3,0.1%
r/pcgamingtechsupport,3,0.1%
r/pianolearning,3,0.1%
r/unclebens,3,0.1%
r/caloriecount,3,0.1%
r/luftablassen,3,0.1%
r/FemFragLab,3,0.1%
r/birds,3,0.1%
r/RCPlanes,3,0.1%
r/mechatronics,3,0.1%
r/computing,3,0.1%
r/TutorsHelpingTutors,3,0.1%
r/USP,3,0.1%
r/AskArgentina,3,0.1%
r/SwissStudent,3,0.1%
r/NEU,3,0.1%
r/AnimeReccomendations,3,0.1%
r/radiocontrol,3,0.1%
r/truespotify,3,0.1%
r/Kaguya_sama,3,0.1%
r/Drizzy,3,0.1%
r/databricks,3,0.1%
r/factorio,3,0.1%
r/Fallout,3,0.1%
r/LegendsOfRuneterra,3,0.1%
r/therapy,3,0.1%
r/RomanceBooks,3,0.1%
r/childfree,3,0.1%
r/Games,3,0.1%
r/braces,3,0.1%
r/askteenboys,3,0.1%
r/OpenUniversity,3,0.1%
r/content_marketing,3,0.1%
r/CostaRicaTravel,3,0.1%
r/FoodNYC,3,0.1%
r/howislivingthere,3,0.1%
r/Agriculture,3,0.1%
r/Nigeria,3,0.1%
r/AskRedditAfterDark,3,0.1%
r/insanepeoplefacebook,3,0.1%
r/queensuniversity,3,0.1%
r/intj,3,0.1%
r/calculators,3,0.1%
r/swift,3,0.1%
r/StremioAddons,3,0.1%
r/askegypt,3,0.1%
r/betterCallSaul,3,0.1%
r/SuccessionTV,3,0.1%
r/3DS,3,0.1%
r/wholesomememes,3,0.1%
r/wageningen,3,0.1%
r/Utrecht,3,0.1%
r/Gunners,3,0.1%
r/GlobalOffensiveTrade,3,0.1%
r/modernwarfare,3,0.1%
r/elderscrollsonline,3,0.1%
r/bim,3,0.1%
r/sydney,3,0.1%
r/ExpatsInSwitzerland,3,0.1%
r/JapanFinance,3,0.1%
r/guitarlessons,3,0.1%
r/mtgfinance,3,0.1%
r/gshock,3,0.1%
r/fitbit,3,0.1%
r/CambridgeMA,3,0.1%
r/SpaceXLounge,3,0.1%
r/redscarepod,3,0.1%
r/webscraping,3,0.1%
r/learnphysics,3,0.1%
r/mongolia,3,0.1%
r/Manifestation,3,0.1%
r/DarioMocciaTwitch,3,0.1%
r/taobao,3,0.1%
r/PlantedTank,3,0.1%
r/ManyBaggers,3,0.1%
r/UsbCHardware,3,0.1%
r/sarmssourcetalk,3,0.1%
r/gainit,3,0.1%
r/soundcloud,3,0.1%
r/drums,3,0.1%
r/Startup_Ideas,3,0.1%
r/bologna,3,0.1%
r/SolanaMemeCoins,3,0.1%
r/CryptoNews,3,0.1%
r/SeveranceAppleTVPlus,3,0.1%
r/assholedesign,3,0.1%
r/FitnessDE,3,0.1%
r/victoria3,3,0.1%
r/steamsupport,3,0.1%
r/Invites,3,0.1%
r/tall,3,0.1%
r/podcasting,3,0.1%
r/nuzlocke,3,0.1%
r/strength_training,3,0.1%
r/MtF,3,0.1%
r/Socialism_101,3,0.1%
r/AnnArbor,3,0.1%
r/uofu,3,0.1%
r/trans,3,0.1%
r/loseit,3,0.1%
r/diypedals,3,0.1%
r/CryptoCurrencies,3,0.1%
r/sideloaded,3,0.1%
r/PlantsVSZombies,3,0.1%
r/NoahGetTheBoat,3,0.1%
r/madlads,3,0.1%
r/coolermaster,3,0.1%
r/OnePieceTCG,3,0.1%
r/massachusetts,3,0.1%
r/HadesTheGame,3,0.1%
r/whenthe,3,0.1%
r/tearsofthekingdom,3,0.1%
r/Realme,3,0.1%
r/forestapp,3,0.1%
r/kickstarter,3,0.1%
r/smarthome,3,0.1%
r/Korpo,3,0.1%
r/indianbikes,3,0.1%
r/musicians,3,0.1%
r/powerpoint,3,0.1%
r/ukraine,3,0.1%
r/greentext,3,0.1%
r/datasciencecareers,3,0.1%
r/DanMachi,3,0.1%
r/interesting,3,0.1%
r/quotes,3,0.1%
r/mountandblade,3,0.1%
r/tylerthecreator,3,0.1%
r/TREZOR,3,0.1%
r/Flipping,3,0.1%
r/CryptoMarkets,3,0.1%
r/EthereumClassic,3,0.1%
r/kosovo,3,0.1%
r/AncestryDNA,3,0.1%
r/smartwatch,3,0.1%
r/MorpheApp,3,0.1%
r/wasletztepreis,3,0.1%
r/raycastapp,3,0.1%
r/deutschebahn,3,0.1%
r/Dexter,3,0.1%
r/androidroot,3,0.1%
r/malegrooming,3,0.1%
r/Karma4Free,3,0.1%
r/mauritius,3,0.1%
r/truerateme,3,0.1%
r/kpophelp,3,0.1%
r/washingtondc,3,0.1%
r/AMDLaptops,3,0.1%
r/BDSMcommunity,3,0.1%
r/asktransgender,3,0.1%
r/ChapoTrapHouse,3,0.1%
r/indianrailways,3,0.1%
r/adult_adhd,3,0.1%
r/ADHDers,3,0.1%
r/HelpMeFindThis,3,0.1%
r/melbourne,3,0.1%
r/bollywood,3,0.1%
r/seduction,3,0.1%
r/hmmm,3,0.1%
r/buildmeapc,3,0.1%
r/Innsbruck,3,0.1%
r/Genealogy,3,0.1%
r/Instagramreality,3,0.1%
r/Nerf,3,0.1%
r/EDAnonymous,3,0.1%
r/VintageFashion,3,0.1%
r/boottoobig,3,0.1%
r/Metroid,3,0.1%
r/FitGirlRepack,3,0.1%
r/investingforbeginners,3,0.1%
r/telescopes,3,0.1%
r/learntyping,3,0.1%
r/Roms,3,0.1%
r/qBittorrent,3,0.1%
r/Fantasy,3,0.1%
r/audible,3,0.1%
r/Ubiquiti,3,0.1%
r/OverwatchUniversity,3,0.1%
r/Shitty_Car_Mods,3,0.1%
r/BokuNoHeroAcademia,3,0.1%
r/tea,3,0.1%
r/counterstrike,3,0.1%
r/AskBiology,3,0.1%
r/GreeceTravel,3,0.1%
r/coolguides,3,0.1%
r/NatureIsFuckingLit,3,0.1%
r/rhino,3,0.1%
r/dkfinance,3,0.1%
r/legaladvicecanada,3,0.1%
r/SKTT1,3,0.1%
r/osugame,3,0.1%
r/schizophrenia,3,0.1%
r/Minecraftbuilds,3,0.1%
r/Indiangirlsontinder,3,0.1%
r/Machinists,3,0.1%
r/robac,3,0.1%
r/confession,3,0.1%
r/GlasgowUni,3,0.1%
r/rimesegate,3,0.1%
r/StudyInIreland,3,0.1%
r/DubaiCentral,3,0.1%
r/iosgaming,3,0.1%
r/OtomeIsekai,3,0.1%
r/TeslaLounge,3,0.1%
r/albiononline,3,0.1%
r/learnjavascript,3,0.1%
r/DigitalArt,3,0.1%
r/akalimains,3,0.1%
r/supportlol,3,0.1%
r/amateurradio,3,0.1%
r/ArtHistory,3,0.1%
r/Meditation,3,0.1%
r/armenia,3,0.1%
r/Vit,3,0.1%
r/fixit,3,0.1%
r/discovereu,3,0.1%
r/recht,3,0.1%
r/BeginningAfterTheEnd,3,0.1%
r/ClassroomOfTheElite,3,0.1%
r/McMaster,3,0.1%
r/IATtards,3,0.1%
r/SwiftUI,3,0.1%
r/alevels,3,0.1%
r/Kuwait,3,0.1%
r/hiring,3,0.1%
r/beermoneyuk,3,0.1%
r/MakeMoneyInUK,3,0.1%
r/WFHJobs,3,0.1%
r/universityofyork,3,0.1%
r/passive_income,3,0.1%
r/publichealth,3,0.1%
r/Referral,3,0.1%
r/Medium,3,0.1%
r/digitaljournaling,3,0.1%
r/stupidquestions,3,0.1%
r/greenland,3,0.1%
r/BinIchDasArschloch,3,0.1%
r/Witcher3,3,0.1%
r/montblanc,3,0.1%
r/nextfuckinglevel,3,0.1%
r/NewPipe,3,0.1%
r/pointlesslygendered,3,0.1%
r/aiagents,3,0.1%
r/codex,3,0.1%
r/SJSU,3,0.1%
r/civ,3,0.1%
r/bash,3,0.1%
r/AZURE,3,0.1%
r/FriendshipAdvice,3,0.1%
r/ValueInvesting,3,0.1%
r/Reprap,3,0.1%
r/vaud,3,0.1%
r/cactus,3,0.1%
r/SiemensNX,3,0.1%
r/aviation,3,0.1%
r/GrandPrixTravel,3,0.1%
r/asoiaf,3,0.1%
r/headphonesindia,3,0.1%
r/MicrosoftTeams,3,0.1%
r/RobotVacuums,3,0.1%
r/java,3,0.1%
r/brave,3,0.1%
r/MicrosoftFlightSim,3,0.1%
r/flightsim,3,0.1%
r/ipod,3,0.1%
r/skyrim,3,0.1%
r/PakGamers,3,0.1%
r/DreamInterpretation,3,0.1%
r/F1TV,3,0.1%
r/bih,3,0.1%
r/humanresources,3,0.1%
r/Gold,3,0.1%
r/toronto,3,0.1%
r/rupaulsdragrace,3,0.1%
r/h3h3productions,3,0.1%
r/bangalorerentals,3,0.1%
r/Bengaluru,3,0.1%
r/DessertPorn,3,0.1%
r/giftcardexchange,3,0.1%
r/BudgetAudiophile,3,0.1%
r/MassiveCock,3,0.1%
r/unitedstatesofindia,3,0.1%
r/Proxmox,3,0.1%
r/askwomenadvice,3,0.1%
r/duke,3,0.1%
r/de_IAmA,3,0.1%
r/trains,3,0.1%
r/JordanPeterson,3,0.1%
r/Pomade,3,0.1%
r/realestateinvesting,3,0.1%
r/USCIS,3,0.1%
r/mobilerepair,3,0.1%
r/ATLA,3,0.1%
r/Ultramarathon,3,0.1%
r/Mountaineering,3,0.1%
r/trailrunning,3,0.1%
r/TurkeyJerky,3,0.1%
r/gigabyte,3,0.1%
r/AskRunningShoeGeeks,3,0.1%
r/GermanRap,3,0.1%
r/LateStageCapitalism,3,0.1%
r/HelloInternet,3,0.1%
r/valencia,3,0.1%
r/mallorca,3,0.1%
r/zlibrary,3,0.1%
r/shittymoviedetails,3,0.1%
r/The10thDentist,3,0.1%
r/dontdeadopeninside,3,0.1%
r/BirdsArentReal,3,0.1%
r/3amjokes,3,0.1%
r/Leica,3,0.1%
r/BeAmazed,3,0.1%
r/xqcow,3,0.1%
r/DaveRamsey,3,0.1%
r/neuchatel,3,0.1%
r/Needafriend,3,0.1%
r/popculturechat,3,0.1%
r/motogp,3,0.1%
r/yoga,3,0.1%
r/MuayThai,3,0.1%
r/aberBitteLaminiert,3,0.1%
r/BMW,3,0.1%
r/iems,3,0.1%
r/language,3,0.1%
r/soapmaking,3,0.1%
r/ghana,3,0.1%
r/CollegeMajors,3,0.1%
r/medschool,3,0.1%
r/StartUpIndia,3,0.1%
r/GREhelp,3,0.1%
r/bisexual,3,0.1%
r/hamburg,3,0.1%
r/ModdedMinecraft,3,0.1%
r/AnimalCrossing,3,0.1%
r/ToiletPaperUSA,3,0.1%
r/Sino,3,0.1%
r/cringepics,3,0.1%
r/dankvideos,3,0.1%
r/nba,3,0.1%
r/node,3,0.1%
r/compmathneuro,3,0.1%
r/SwitzerlandGuns,3,0.1%
r/Adobe,3,0.1%
r/JackSucksAtLife,3,0.1%
r/BPD,3,0.1%
r/LanguageTechnology,3,0.1%
r/AccidentalRenaissance,3,0.1%
r/forbiddensnacks,3,0.1%
r/resinprinting,3,0.1%
r/ouraring,3,0.1%
r/SSBM,3,0.1%
r/GTAV,3,0.1%
r/psg,3,0.1%
r/ethereumnoobies,3,0.1%
r/TheWeeknd,3,0.1%
r/thelastofus,3,0.1%
r/GERD,3,0.1%
r/dogs,3,0.1%
r/AdvancedRunning,3,0.1%
r/Coffee,3,0.1%
r/LogitechG,3,0.1%
r/Art,3,0.1%
r/react,3,0.1%
r/reactjs,3,0.1%
r/Big4,3,0.1%
r/NUST,3,0.1%
r/gradadmissionresults,3,0.1%
r/starwarsmemes,3,0.1%
r/bleach,3,0.1%
r/terriblefacebookmemes,3,0.1%
r/youngpeopleyoutube,3,0.1%
r/findthatsong,3,0.1%
r/KingkillerChronicle,3,0.1%
r/aerospace,3,0.1%
r/beauty,3,0.1%
r/ExNoContact,3,0.1%
r/spotted,3,0.1%
r/CarletonU,3,0.1%
r/CodeGeass,3,0.1%
r/STD,3,0.1%
r/Neuropsychology,3,0.1%
r/xbox,3,0.1%
r/DestinyTheGame,3,0.1%
r/ptsd,3,0.1%
r/UniRO,3,0.1%
r/TUMuenchen,3,0.1%
r/whatsthatbook,3,0.1%
r/Superstonk,3,0.1%
r/PatagoniaClothing,3,0.1%
r/SonyHeadphones,3,0.1%
r/bollywoodmemes,3,0.1%
r/LundUni,3,0.1%
r/clinicalresearch,3,0.1%
r/PokeGrading,3,0.1%
r/econometrics,3,0.1%
r/TurkishAirlines,3,0.1%
r/HealthyFood,3,0.1%
r/DJs,3,0.1%
r/dank_meme,3,0.1%
r/adventofcode,3,0.1%
r/USC,3,0.1%
r/SaarlandUniversity,3,0.1%
r/Polytehnica,3,0.1%
r/programiranje,3,0.1%
r/Invincible,3,0.1%
r/UoN,3,0.1%
r/MurderedByWords,3,0.1%
r/democrats,3,0.1%
r/iastate,3,0.1%
r/AdviceForTeens,3,0.1%
r/sadcringe,3,0.1%
r/TIHI,3,0.1%
r/Hiphopcirclejerk,3,0.1%
r/iRacing,3,0.1%
r/Lund,3,0.1%
r/glioblastoma,3,0.1%
r/opensea,3,0.1%
r/BoneAppleTea,3,0.1%
r/Libertarian,3,0.1%
r/Layer,3,0.1%
r/trashy,3,0.1%
r/BlackPeopleTwitter,3,0.1%
r/ethstaker,3,0.1%
r/CryptoPeople,3,0.1%
r/distressingmemes,3,0.1%
r/fasting,3,0.1%
r/PennStateUniversity,3,0.1%
r/3Blue1Brown,3,0.1%
r/MrRobot,3,0.1%
r/mannheim,3,0.1%
r/stuttgart,3,0.1%
r/sailing,3,0.1%
r/cuboulder,3,0.1%
r/unrealengine,3,0.1%
r/BassGuitar,3,0.1%
r/ultrarunning,3,0.1%
r/qatar,3,0.1%
r/UniversityOfLondonCS,3,0.1%
r/UKHighPotentialVisa,3,0.1%
r/appletv,3,0.1%
r/GymMotivation,3,0.1%
r/steak,3,0.1%
r/rickroll,3,0.1%
r/fruit,3,0.1%
r/Panama,3,0.1%
r/Sakartvelo,3,0.1%
r/judo,3,0.1%
r/myopia,3,0.1%
r/findapath,3,0.1%
r/Askpolitics,3,0.1%
r/DiscoElysium,3,0.1%
r/astrophysics,3,0.1%
r/Ferrari,3,0.1%
r/learndota2,3,0.1%
r/lakers,3,0.1%
r/Anxietyhelp,3,0.1%
r/addiction,3,0.1%
r/Izmir,3,0.1%
r/irishtourism,3,0.1%
r/tudarmstadt,3,0.1%
r/selfpublish,3,0.1%
r/patekphilippe,3,0.1%
r/nattyorjuice,3,0.1%
r/SQL,3,0.1%
r/roadtrip,3,0.1%
r/Minesweeper,3,0.1%
r/WatchesCirclejerk,3,0.1%
r/RealEstate,3,0.1%
r/CreditCards,3,0.1%
r/DebateReligion,3,0.1%
r/Career_Advice,3,0.1%
r/Jung,3,0.1%
r/OyasumiPunpun,3,0.1%
r/ProductManagement,3,0.1%
r/AWSCertifications,3,0.1%
r/Poem,3,0.1%
r/PhilosophyMemes,3,0.1%
r/eFootball,3,0.1%
r/aspergers,3,0.1%
r/BDSMAdvice,3,0.1%
r/OculusQuest,3,0.1%
r/lostredditors,3,0.1%
r/AskMeuf,3,0.1%
r/women,3,0.1%
r/Stronglifts5x5,3,0.1%
r/istanbul,3,0.1%
r/bordeaux,3,0.1%
r/mlops,3,0.1%
r/amazon,3,0.1%
r/food,3,0.1%
r/AskCulinary,3,0.1%
r/conlangs,3,0.1%
r/notabilityapp,3,0.1%
r/pregnant,3,0.1%
r/darkjokes,3,0.1%
r/verizon,3,0.1%
r/taskmaster,3,0.1%
r/goatravel,3,0.1%
r/personalfinanceindia,3,0.1%
r/iPhone14Pro,3,0.1%
r/FifaCareers,3,0.1%
r/FlowX13,3,0.1%
r/GadgetsIndia,3,0.1%
r/KeepWriting,3,0.1%
r/conspiracy,3,0.1%
r/helsinki,2,0.1%
r/Rekordbox,2,0.1%
r/googlephotos,2,0.1%
r/emetophobia,2,0.1%
r/Newbalance,2,0.1%
r/mymusic,2,0.1%
r/Glitch_in_the_Matrix,2,0.1%
r/CanadianInvestor,2,0.1%
r/Birkenstocks,2,0.1%
r/Office365,2,0.1%
r/eGPU,2,0.1%
r/askberliners,2,0.1%
r/Babson,2,0.1%
r/trauma,2,0.1%
r/Oxygennotincluded,2,0.1%
r/StardewValley,2,0.1%
r/emirates,2,0.1%
r/czech,2,0.1%
r/Decoders,2,0.1%
r/openclaw,2,0.1%
r/transhumanism,2,0.1%
r/Handwriting,2,0.1%
r/Britain,2,0.1%
r/Strasbourg,2,0.1%
r/rape,2,0.1%
r/sexualassault,2,0.1%
r/gamers,2,0.1%
r/PortugalExpats,2,0.1%
r/mechmarket,2,0.1%
r/BrunoMars,2,0.1%
r/Mounjaro,2,0.1%
r/perguntas,2,0.1%
r/saopaulo,2,0.1%
r/askacademico,2,0.1%
r/web3,2,0.1%
r/sources4porn,2,0.1%
r/circumcision,2,0.1%
r/Phimosis,2,0.1%
r/SauceforNSFWads,2,0.1%
r/VLC,2,0.1%
r/Nike,2,0.1%
r/collanote,2,0.1%
r/Cheese,2,0.1%
r/diabetes,2,0.1%
r/emacs,2,0.1%
r/robloxhackers,2,0.1%
r/setups,2,0.1%
r/PrideAndPinion,2,0.1%
r/SmallYTChannel,2,0.1%
r/DragonballLegends,2,0.1%
r/PearsonDesign,2,0.1%
r/pewdiepie,2,0.1%
r/thessaloniki,2,0.1%
r/kaggle,2,0.1%
r/FishingForBeginners,2,0.1%
r/Dentists,2,0.1%
r/Karting,2,0.1%
r/guitars,2,0.1%
r/ginnyandgeorgiashow,2,0.1%
r/selbststaendig,2,0.1%
r/CAIRO,2,0.1%
r/Egypt_Developers,2,0.1%
r/MBZUAI,2,0.1%
r/restaurateur,2,0.1%
r/healthcare,2,0.1%
r/NBA2k,2,0.1%
r/RISCV,2,0.1%
r/AnkiPro,2,0.1%
r/meteorology,2,0.1%
r/formcheck,2,0.1%
r/fairphone,2,0.1%
r/guessmybf,2,0.1%
r/pokemmo,2,0.1%
r/AskGirls,2,0.1%
r/RDTTR,2,0.1%
r/Topster,2,0.1%
r/MyHeritage,2,0.1%
r/femdompersonals,2,0.1%
r/KarolinskaInstitutet,2,0.1%
r/thermodynamics,2,0.1%
r/TransferStudents,2,0.1%
r/EffectiveAltruism,2,0.1%
r/TheLse,2,0.1%
r/Sardinia,2,0.1%
r/metaldetecting,2,0.1%
r/TeenagersButBetter,2,0.1%
r/HEC,2,0.1%
r/Madagascar,2,0.1%
r/BulkOrCut,2,0.1%
r/streetphotography,2,0.1%
r/bali,2,0.1%
r/Assistance,2,0.1%
r/manchester,2,0.1%
r/astrology,2,0.1%
r/BlackHair,2,0.1%
r/koreanskincare,2,0.1%
r/cantax,2,0.1%
r/PolyMTL,2,0.1%
r/psicologia,2,0.1%
r/zotero,2,0.1%
r/memecoinmoonshots,2,0.1%
r/Memecoinhub,2,0.1%
r/memecoins,2,0.1%
r/AndroidClosedTesting,2,0.1%
r/Indiajobs,2,0.1%
r/Trivandrum,2,0.1%
r/AppIdeas,2,0.1%
r/DesiCopypasta,2,0.1%
r/yeolpumta,2,0.1%
r/NixOS,2,0.1%
r/yuzu,2,0.1%
r/Ozlo,2,0.1%
r/HubermanLab,2,0.1%
r/AIAssisted,2,0.1%
r/gambling,2,0.1%
r/gender,2,0.1%
r/IndiaInvestments,2,0.1%
r/CosplayHelp,2,0.1%
r/dbrand,2,0.1%
r/GameTheorists,2,0.1%
r/dhl,2,0.1%
r/corteiz,2,0.1%
r/washu,2,0.1%
r/LilBaby,2,0.1%
r/RoastMe,2,0.1%
r/AlevelFurtherMaths,2,0.1%
r/alevelmaths,2,0.1%
r/dankmemer,2,0.1%
r/GREEK,2,0.1%
r/MathBuddies,2,0.1%
r/isthissafetoeat,2,0.1%
r/iphonehelp,2,0.1%
r/OmniscientReader,2,0.1%
r/houkai3rd,2,0.1%
r/honkaiimpact3,2,0.1%
r/Genshin_Memepact,2,0.1%
r/TrashTaste,2,0.1%
r/AyakaMains,2,0.1%
r/Ganyu,2,0.1%
r/toptalent,2,0.1%
r/Guildwars2,2,0.1%
r/mushokutensei,2,0.1%
r/design_critiques,2,0.1%
r/developers,2,0.1%
r/cofounderhunt,2,0.1%
r/alphaandbetausers,2,0.1%
r/PredictionsMarkets,2,0.1%
r/BusinessIntelligence,2,0.1%
r/cofounder,2,0.1%
r/LinkedInTips,2,0.1%
r/PokemonGoRaids,2,0.1%
r/PokemonGoTrade,2,0.1%
r/chennaicity,2,0.1%
r/ThirtiesIndia,2,0.1%
r/UAEjobseekers,2,0.1%
r/introvert,2,0.1%
r/iitmadras,2,0.1%
r/SecurityCareerAdvice,2,0.1%
r/plushies,2,0.1%
r/IndiaTalksSex,2,0.1%
r/IndianFashion,2,0.1%
r/UniAdelaide,2,0.1%
r/cocktails,2,0.1%
r/desmoines,2,0.1%
r/torontoraptors,2,0.1%
r/appstate,2,0.1%
r/jmu,2,0.1%
r/auburn,2,0.1%
r/olemiss,2,0.1%
r/Clemson,2,0.1%
r/UWMadison,2,0.1%
r/MontereyBay,2,0.1%
r/HuntsvilleAlabama,2,0.1%
r/Birmingham,2,0.1%
r/PvZGardenWarfare,2,0.1%
r/MyoWare,2,0.1%
r/drehscheibe,2,0.1%
r/Trams,2,0.1%
r/Elektroinstallation,2,0.1%
r/Fotografie,2,0.1%
r/WerWieWas,2,0.1%
r/JIDSV,2,0.1%
r/SnapStreaks,2,0.1%
r/nottheonion,2,0.1%
r/AcademicQuran,2,0.1%
r/CombatFootage,2,0.1%
r/AdventureBike,2,0.1%
r/iwatchedanoldmovie,2,0.1%
r/comicbooks,2,0.1%
r/glasses,2,0.1%
r/royalmail,2,0.1%
r/revengestories,2,0.1%
r/tryhackme,2,0.1%
r/MacroFactor,2,0.1%
r/kurdistan,2,0.1%
r/csharp,2,0.1%
r/Volumeeating,2,0.1%
r/vuejs,2,0.1%
r/Iraq,2,0.1%
r/tudortmund,2,0.1%
r/StrangerThings,2,0.1%
r/DHExchange,2,0.1%
r/Camry,2,0.1%
r/epfoindia,2,0.1%
r/technepal,2,0.1%
r/researchpaperwriters,2,0.1%
r/WriteStreakGerman,2,0.1%
r/StudyInSwitzerland,2,0.1%
r/GaySnapchatShare,2,0.1%
r/GayGermany,2,0.1%
r/flightattendants,2,0.1%
r/ExistentialJourney,2,0.1%
r/FSAE,2,0.1%
r/Rivenmains,2,0.1%
r/ARAM,2,0.1%
r/MonsterHunter,2,0.1%
r/crete,2,0.1%
r/nerdfighters,2,0.1%
r/characterdrawing,2,0.1%
r/Persona5,2,0.1%
r/latvia,2,0.1%
r/aphextwin,2,0.1%
r/SonicTheHedgehog,2,0.1%
r/careerchange,2,0.1%
r/GraduateSchool,2,0.1%
r/UndergraduateResearch,2,0.1%
r/scifi,2,0.1%
r/SpaceflightSimulator,2,0.1%
r/Septoplasty,2,0.1%
r/BALLET,2,0.1%
r/SoloTravel_India,2,0.1%
r/BayernMunich,2,0.1%
r/VfBStuttgart,2,0.1%
r/statsfm,2,0.1%
r/reddithelp,2,0.1%
r/bartenders,2,0.1%
r/SurfaceGaming,2,0.1%
r/whiteboydiscussion,2,0.1%
r/ISB_Aspirants,2,0.1%
r/OLED_Gaming,2,0.1%
r/Homyatol,2,0.1%
r/HomeNAS,2,0.1%
r/Roborock,2,0.1%
r/Marvel,2,0.1%
r/scoliosis,2,0.1%
r/PowerScaling,2,0.1%
r/engrish,2,0.1%
r/lorde,2,0.1%
r/weirddalle,2,0.1%
r/selfie,2,0.1%
r/AskProgrammers,2,0.1%
r/chile,2,0.1%
r/hackers,2,0.1%
r/footballhighlights,2,0.1%
r/OnePieceLiveAction,2,0.1%
r/sunglasses,2,0.1%
r/Groningen,2,0.1%
r/AskLiteraryStudies,2,0.1%
r/AskWomenNoCensor,2,0.1%
r/livesound,2,0.1%
r/billiards,2,0.1%
r/DarwinAwards,2,0.1%
r/therewasanattempt,2,0.1%
r/yesyesyesyesno,2,0.1%
r/Terraform,2,0.1%
r/Machupicchu,2,0.1%
r/artofliving,2,0.1%
r/knots,2,0.1%
r/bikefit,2,0.1%
r/weightroom,2,0.1%
r/halo,2,0.1%
r/OpenFOAM,2,0.1%
r/wahoofitness,2,0.1%
r/PLTR,2,0.1%
r/sociology,2,0.1%
r/Cartalk,2,0.1%
r/PowerToys,2,0.1%
r/bikecommuting,2,0.1%
r/spectrex360,2,0.1%
r/PocoPhones,2,0.1%
r/ACCompetizione,2,0.1%
r/deathnote,2,0.1%
r/BattlefieldV,2,0.1%
r/cursedimages,2,0.1%
r/malmo,2,0.1%
r/rhinoplastyquestions,2,0.1%
r/Noses,2,0.1%
r/snakes,2,0.1%
r/Aurelion_Sol_mains,2,0.1%
r/TeslaModel3,2,0.1%
r/EgySexEducation,2,0.1%
r/HVAC,2,0.1%
r/avocado,2,0.1%
r/AutoHotkey,2,0.1%
r/spicypillows,2,0.1%
r/Transgender_Surgeries,2,0.1%
r/eink,2,0.1%
r/edrums,2,0.1%
r/lightsabers,2,0.1%
r/BoardgameDesign,2,0.1%
r/AnkiComputerScience,2,0.1%
r/homeautomation,2,0.1%
r/spaceflight,2,0.1%
r/canadaexpressentry,2,0.1%
r/UBA,2,0.1%
r/Ben10,2,0.1%
r/TransferToTop25,2,0.1%
r/Cambly,2,0.1%
r/fantacalcio_IT,2,0.1%
r/AO3,2,0.1%
r/whatsthemoviecalled,2,0.1%
r/ChainsawMan,2,0.1%
r/A24,2,0.1%
r/NOTHING,2,0.1%
r/xManagerApp,2,0.1%
r/YoutubeMusic,2,0.1%
r/HunterXHunter,2,0.1%
r/tugraz,2,0.1%
r/HuntShowdown,2,0.1%
r/agi,2,0.1%
r/EDH,2,0.1%
r/r4rindia,2,0.1%
r/somethingimade,2,0.1%
r/menstrualcups,2,0.1%
r/DressForYourBody,2,0.1%
r/interiordecorating,2,0.1%
r/coloranalysis,2,0.1%
r/typing,2,0.1%
r/Ukraine_UA,2,0.1%
r/tenet,2,0.1%
r/jobbit,2,0.1%
r/ChronicPain,2,0.1%
r/Chatbots,2,0.1%
r/DigitalMarketing,2,0.1%
r/southafrica,2,0.1%
r/ContentCreators,2,0.1%
r/paraview,2,0.1%
r/szepsegtippek,2,0.1%
r/perfumesthatfeellike,2,0.1%
r/visitingnyc,2,0.1%
r/Makeup,2,0.1%
r/PCOS,2,0.1%
r/LushCosmetics,2,0.1%
r/GilmoreGirls,2,0.1%
r/AskAnthropology,2,0.1%
r/bangladesh,2,0.1%
r/Kazakhstan,2,0.1%
r/insaneparents,2,0.1%
r/wimbledon,2,0.1%
r/ottawa,2,0.1%
r/rs_x,2,0.1%
r/ghosting,2,0.1%
r/work,2,0.1%
r/infj,2,0.1%
r/Altium,2,0.1%
r/iosapps,2,0.1%
r/Stremio,2,0.1%
r/iiiiiiitttttttttttt,2,0.1%
r/steamengines,2,0.1%
r/Thunderbird,2,0.1%
r/git,2,0.1%
r/sonos,2,0.1%
r/badmathematics,2,0.1%
r/JustUnsubbed,2,0.1%
r/pte,2,0.1%
r/EgyptianFreelancers,2,0.1%
r/musicals,2,0.1%
r/TheBear,2,0.1%
r/Medizinstudium,2,0.1%
r/solar,2,0.1%
r/chelseafc,2,0.1%
r/Immunology,2,0.1%
r/NUFC,2,0.1%
r/skeptic,2,0.1%
r/Dance,2,0.1%
r/kpoppers,2,0.1%
r/systems_engineering,2,0.1%
r/television,2,0.1%
r/OregonStateUniv,2,0.1%
r/heightgrowth,2,0.1%
r/IBM,2,0.1%
r/AvoidantBreakUps,2,0.1%
r/skin,2,0.1%
r/OsakaWorldExpo,2,0.1%
r/tretinoin,2,0.1%
r/Sketchup,2,0.1%
r/30PlusSkinCare,2,0.1%
r/optometry,2,0.1%
r/Revit,2,0.1%
r/bettafish,2,0.1%
r/walstad,2,0.1%
r/PrivatEkonomi,2,0.1%
r/Asksweddit,2,0.1%
r/SwissJobs,2,0.1%
r/ElevenLabs,2,0.1%
r/Pornwha,2,0.1%
r/TokyoTravel,2,0.1%
r/UTokyo,2,0.1%
r/Luthier,2,0.1%
r/classicwow,2,0.1%
r/newworldgame,2,0.1%
r/runescape,2,0.1%
r/IndiaThriftCorner,2,0.1%
r/TheGirlSurvivalGuide,2,0.1%
r/jumprope,2,0.1%
r/podcasts,2,0.1%
r/FitnesProgramsSharing,2,0.1%
r/RunningCirclejerk,2,0.1%
r/tvPlus,2,0.1%
r/indianfitness,2,0.1%
r/JujutsuPowerScaling,2,0.1%
r/TelegramBots,2,0.1%
r/FastSexting,2,0.1%
r/Celiac,2,0.1%
r/Germany_Jobs,2,0.1%
r/TheoryOfReddit,2,0.1%
r/basketballcards,2,0.1%
r/ManorLords,2,0.1%
r/discordservers,2,0.1%
r/stockholmreps,2,0.1%
r/floorplan,2,0.1%
r/EDC,2,0.1%
r/ClashDecks,2,0.1%
r/PioneerDJ,2,0.1%
r/TechnoProduction,2,0.1%
r/mixingmastering,2,0.1%
r/sounddesign,2,0.1%
r/microgrowery,2,0.1%
r/AirBnB,2,0.1%
r/ToolBand,2,0.1%
r/Study_In_France,2,0.1%
r/IndianEnts,2,0.1%
r/SwissPolitics,2,0.1%
r/ProgrammingBuddies,2,0.1%
r/Deltarune,2,0.1%
r/minoxidil,2,0.1%
r/SolCoins,2,0.1%
r/CryptoGamersCommunity,2,0.1%
r/BitcoinNews,2,0.1%
r/trustapp,2,0.1%
r/metalgearsolid,2,0.1%
r/BingeEatingDisorder,2,0.1%
r/swordartonline,2,0.1%
r/CrazyIdeas,2,0.1%
r/BlueStacks,2,0.1%
r/computer_help,2,0.1%
r/realdubstep,2,0.1%
r/OneDirection,2,0.1%
r/xayahmains,2,0.1%
r/PUBATTLEGROUNDS,2,0.1%
r/animepiracy,2,0.1%
r/consultingcareers,2,0.1%
r/gamingpc,2,0.1%
r/cemu,2,0.1%
r/FORTnITE,2,0.1%
r/HyperOS,2,0.1%
r/UniKSA,2,0.1%
r/AskOldPeopleAdvice,2,0.1%
r/transfem,2,0.1%
r/shiftingrealities,2,0.1%
r/gaybros,2,0.1%
r/espresso,2,0.1%
r/saxophone,2,0.1%
r/musichoarder,2,0.1%
r/youtubedl,2,0.1%
r/wallpaper,2,0.1%
r/instantkarma,2,0.1%
r/MakeMeSuffer,2,0.1%
r/budgies,2,0.1%
r/dpdr,2,0.1%
r/cosmology,2,0.1%
r/DailySolitaire,2,0.1%
r/JoJoMemes,2,0.1%
r/MemePiece,2,0.1%
r/dragonvale,2,0.1%
r/onlinesoccermanager,2,0.1%
r/standoff2game,2,0.1%
r/uBlockOrigin,2,0.1%
r/WplaceLive,2,0.1%
r/Outlook,2,0.1%
r/Fahrrad,2,0.1%
r/TOTK,2,0.1%
r/askatherapist,2,0.1%
r/boyslove,2,0.1%
r/Blind,2,0.1%
r/sheetmusic,2,0.1%
r/AnimalTracking,2,0.1%
r/mensfashionadvice,2,0.1%
r/lehrerzimmer,2,0.1%
r/Vanced,2,0.1%
r/ereader,2,0.1%
r/debian,2,0.1%
r/askvan,2,0.1%
r/listentothis,2,0.1%
r/LivestreamFail,2,0.1%
r/GameDealsMeta,2,0.1%
r/ubcengineering,2,0.1%
r/MMORPG,2,0.1%
r/NanatsunoTaizai,2,0.1%
r/FatuiHQ,2,0.1%
r/developer,2,0.1%
r/PS4,2,0.1%
r/Battlefield,2,0.1%
r/IsItBullshit,2,0.1%
r/lifeisstrange,2,0.1%
r/MomForAMinute,2,0.1%
r/victoria2,2,0.1%
r/Discord_Bots,2,0.1%
r/proceduralgeneration,2,0.1%
r/StrategyGames,2,0.1%
r/GoodAssSub,2,0.1%
r/illustrativeDNA,2,0.1%
r/Aliexpress,2,0.1%
r/amazonprime,2,0.1%
r/ohnePixel,2,0.1%
r/GetKarma_Here,2,0.1%
r/Optics,2,0.1%
r/rccars,2,0.1%
r/future_fight,2,0.1%
r/SWGalaxyOfHeroes,2,0.1%
r/MinecraftBuddies,2,0.1%
r/TrueUnpopularOpinion,2,0.1%
r/accelerate,2,0.1%
r/SwipeHelper,2,0.1%
r/drawme,2,0.1%
r/HairStyle,2,0.1%
r/fearofflying,2,0.1%
r/riodejaneiro,2,0.1%
r/jena,2,0.1%
r/HHU,2,0.1%
r/Scholar,2,0.1%
r/lostarkgame,2,0.1%
r/dreifragezeichen,2,0.1%
r/ADHS,2,0.1%
r/parrots,2,0.1%
r/DerScheisser,2,0.1%
r/sre,2,0.1%
r/geophysics,2,0.1%
r/devops,2,0.1%
r/Goa,2,0.1%
r/noida,2,0.1%
r/JuiceWRLD,2,0.1%
r/AutisticWithADHD,2,0.1%
r/AirReps,2,0.1%
r/AskLosAngeles,2,0.1%
r/phtravel,2,0.1%
r/aiArt,2,0.1%
r/Sabah,2,0.1%
r/CapCut,2,0.1%
r/VinlandSaga,2,0.1%
r/SweatyPalms,2,0.1%
r/destiny2,2,0.1%
r/AskUS,2,0.1%
r/INTPrelationshipLab,2,0.1%
r/BreedMeDaddy,2,0.1%
r/18_22,2,0.1%
r/USdefaultism,2,0.1%
r/linuxmemes,2,0.1%
r/Spiderman,2,0.1%
r/raimimemes,2,0.1%
r/clevercomebacks,2,0.1%
r/thatHappened,2,0.1%
r/manim,2,0.1%
r/BBQ,2,0.1%
r/Badfaketexts,2,0.1%
r/Senegal,2,0.1%
r/steinsgate,2,0.1%
r/oculus,2,0.1%
r/airsoft,2,0.1%
r/redditmobile,2,0.1%
r/jazzguitar,2,0.1%
r/DINgore,2,0.1%
r/Geschichte,2,0.1%
r/confusing_perspective,2,0.1%
r/2hollis,2,0.1%
r/2007scape,2,0.1%
r/Metal,2,0.1%
r/Grimdank,2,0.1%
r/Shortsqueeze,2,0.1%
r/thesims,2,0.1%
r/TheSilphRoad,2,0.1%
r/GutHealth,2,0.1%
r/javdreams,2,0.1%
r/Maharashtra,2,0.1%
r/LenovoLOQ,2,0.1%
r/DarK,2,0.1%
r/televisionsuggestions,2,0.1%
r/dune,2,0.1%
r/ProtonDrive,2,0.1%
r/nin,2,0.1%
r/Poems,2,0.1%
r/BasketballTips,2,0.1%
r/Vaporwave,2,0.1%
r/byu,2,0.1%
r/VFIO,2,0.1%
r/hackintosh,2,0.1%
r/oscp,2,0.1%
r/NarutoNinjaStorm,2,0.1%
r/royalroad,2,0.1%
r/ProgressionFantasy,2,0.1%
r/TheExpanse,2,0.1%
r/isthisAI,2,0.1%
r/OrthodoxChristianity,2,0.1%
r/orthodontics,2,0.1%
r/hermanmiller,2,0.1%
r/ModSupport,2,0.1%
r/Gemstones,2,0.1%
r/PakistaniSkincare,2,0.1%
r/HairStyleAdvice,2,0.1%
r/FancyFollicles,2,0.1%
r/IslamabadSocial,2,0.1%
r/developersPak,2,0.1%
r/beatbox,2,0.1%
r/neekomains,2,0.1%
r/midlanemains,2,0.1%
r/gamecollecting,2,0.1%
r/relationships_advice,2,0.1%
r/Breath_of_the_Wild,2,0.1%
r/BATProject,2,0.1%
r/HeimerdingerMains,2,0.1%
r/PedroPeepos,2,0.1%
r/UniMainz,2,0.1%
r/LinuxCirclejerk,2,0.1%
r/ManjaroLinux,2,0.1%
r/crypto,2,0.1%
r/Dank,2,0.1%
r/DataScienceJobs,2,0.1%
r/maastricht,2,0.1%
r/Anatomy,2,0.1%
r/turtle,2,0.1%
r/AskAMechanic,2,0.1%
r/granturismo,2,0.1%
r/3Dmodeling,2,0.1%
r/Bonn,2,0.1%
r/gaypornhunters,2,0.1%
r/whatisit,2,0.1%
r/Scotland,2,0.1%
r/heriotwatt,2,0.1%
r/UAETeenagers,2,0.1%
r/projectors,2,0.1%
r/promocodes,2,0.1%
r/Sleepparalysis,2,0.1%
r/GrowingMarijuana,2,0.1%
r/bonds,2,0.1%
r/RainbowSixSiege,2,0.1%
r/PokemonHome,2,0.1%
r/ADCMains,2,0.1%
r/SkarnerMains,2,0.1%
r/TaliyahMains,2,0.1%
r/pykemains,2,0.1%
r/KaynMains,2,0.1%
r/nunumains,2,0.1%
r/Torchlight,2,0.1%
r/SoulKnight,2,0.1%
r/amazonemployees,2,0.1%
r/clocks,2,0.1%
r/Archaeology,2,0.1%
r/mycology,2,0.1%
r/GeoInsider,2,0.1%
r/AskArchaeology,2,0.1%
r/GenshinImpactTips,2,0.1%
r/UofB,2,0.1%
r/Indian_flex,2,0.1%
r/rvce,2,0.1%
r/rstats,2,0.1%
r/EtsySellers,2,0.1%
r/QuantitativeFinance,2,0.1%
r/HandheldTR,2,0.1%
r/AskGermany,2,0.1%
r/smashbros,2,0.1%
r/galatasaray,2,0.1%
r/kopyamakarna,2,0.1%
r/Cruise,2,0.1%
r/LordofTheMysteries,2,0.1%
r/amogus,2,0.1%
r/Ontariodrivetest,2,0.1%
r/cigars,2,0.1%
r/Angryupvote,2,0.1%
r/summerprogramresults,2,0.1%
r/programminghumor,2,0.1%
r/Aarhus_University,2,0.1%
r/adhd_anxiety,2,0.1%
r/ADMU,2,0.1%
r/alcoholism,2,0.1%
r/Algonquin_College,2,0.1%
r/ambient,2,0.1%
r/ForHireFreelancers,2,0.1%
r/binance,2,0.1%
r/beermoneyglobal,2,0.1%
r/ReferalLinks,2,0.1%
r/hackathons,2,0.1%
r/climatechange,2,0.1%
r/Southampton,2,0.1%
r/developpeurs,2,0.1%
r/genetics,2,0.1%
r/Accounting,2,0.1%
r/BeybladeMetal,2,0.1%
r/creepypasta,2,0.1%
r/Ethelcain,2,0.1%
r/LetsTalkMusic,2,0.1%
r/jpop,2,0.1%
r/LucidDreaming,2,0.1%
r/surfing,2,0.1%
r/collegeresults,2,0.1%
r/expat,2,0.1%
r/ironmaiden,2,0.1%
r/PraiseTheCameraMan,2,0.1%
r/FiiO,2,0.1%
r/FoundersHub,2,0.1%
r/remotework,2,0.1%
r/LeadGeneration,2,0.1%
r/SeriousConversation,2,0.1%
r/spiderbro,2,0.1%
r/faculdadeBR,2,0.1%
r/freemagic,2,0.1%
r/ArcRaiders,2,0.1%
r/gameenginedevs,2,0.1%
r/dotnet,2,0.1%
r/askitaly,2,0.1%
r/femaletravels,2,0.1%
r/AmericanU,2,0.1%
r/gwu,2,0.1%
r/TroChuyenLinhTinh,2,0.1%
r/vozforums,2,0.1%
r/SEO_Digital_Marketing,2,0.1%
r/AppDevelopers,2,0.1%
r/CryptoScams,2,0.1%
r/syriancivilwar,2,0.1%
r/MoldlyInteresting,2,0.1%
r/hookah,2,0.1%
r/depression_help,2,0.1%
r/nfl,2,0.1%
r/shameless,2,0.1%
r/tatemcrae,2,0.1%
r/ManchesterUnited,2,0.1%
r/Archery,2,0.1%
r/unrequited_love,2,0.1%
r/SneakerheadsIndia,2,0.1%
r/ACMilan,2,0.1%
r/whatbugisthis,2,0.1%
r/CollegeEssays,2,0.1%
r/Essays,2,0.1%
r/castlevania,2,0.1%
r/askgeology,2,0.1%
r/UPSC,2,0.1%
r/edX,2,0.1%
r/yeezys,2,0.1%
r/OnePlus7Pro,2,0.1%
r/googlehome,2,0.1%
r/FigmaDesign,2,0.1%
r/UI_Design,2,0.1%
r/Worldbox,2,0.1%
r/Rostock,2,0.1%
r/violinist,2,0.1%
r/BuyFromEU,2,0.1%
r/Mattress,2,0.1%
r/seat,2,0.1%
r/S24Ultra,2,0.1%
r/soundcore,2,0.1%
r/uber,2,0.1%
r/ikeahacks,2,0.1%
r/kobo,2,0.1%
r/bashonubuntuonwindows,2,0.1%
r/croatia,2,0.1%
r/ResearchML,2,0.1%
r/AbuDhabi_FWB,2,0.1%
r/Lahore,2,0.1%
r/iecvisa,2,0.1%
r/berlin_hookup,2,0.1%
r/Olevels,2,0.1%
r/Megaten,2,0.1%
r/classicliterature,2,0.1%
r/cfaindia,2,0.1%
r/Dachschaden,2,0.1%
r/manhattan,2,0.1%
r/ArtificialNtelligence,2,0.1%
r/LasVegas,2,0.1%
r/Chefit,2,0.1%
r/PeyroniesSupport,2,0.1%
r/SingaporeRaw,2,0.1%
r/GoldIndia,2,0.1%
r/castiron,2,0.1%
r/Bonsai,2,0.1%
r/BBallShoes,2,0.1%
r/preppers,2,0.1%
r/femalefashionadvice,2,0.1%
r/Calgary,2,0.1%
r/gravelcycling,2,0.1%
r/TorontoRenting,2,0.1%
r/fashionadvice,2,0.1%
r/LadiesofScience,2,0.1%
r/FlatandFlatmatesBLR,2,0.1%
r/FlatmatesinBangalore,2,0.1%
r/Hypothyroidism,2,0.1%
r/bangloreflatsflatmate,2,0.1%
r/IndiaCareers,2,0.1%
r/BangaloreMeetups,2,0.1%
r/BiomedicalEngineers,2,0.1%
r/ScientificNutrition,2,0.1%
r/chocolate,2,0.1%
r/GAMETHEORY,2,0.1%
r/evolution,2,0.1%
r/SolidWorks,2,0.1%
r/okbuddyphd,2,0.1%
r/Portal,2,0.1%
r/YouShouldKnow,2,0.1%
r/Kingdom,2,0.1%
r/arabs,2,0.1%
r/IndianHaircare,2,0.1%
r/karnataka,2,0.1%
r/PLC,2,0.1%
r/zoloft,2,0.1%
r/Kochi,2,0.1%
r/Ethiopia,2,0.1%
r/escapehungary,2,0.1%
r/mikrotik,2,0.1%
r/sheffield,2,0.1%
r/medlabprofessionals,2,0.1%
r/DnB,2,0.1%
r/SkyPorn,2,0.1%
r/shittydarksouls,2,0.1%
r/WutheringWaves,2,0.1%
r/mdphd,2,0.1%
r/Lima_Peru,2,0.1%
r/yousician,2,0.1%
r/Aupairs,2,0.1%
r/GoCommitDie,2,0.1%
r/Vanderbilt,2,0.1%
r/ffhs,2,0.1%
r/Jreg,2,0.1%
r/wordington,2,0.1%
r/Anarchy101,2,0.1%
r/Supabase,2,0.1%
r/BeastGames,2,0.1%
r/Insurance,2,0.1%
r/SigSauer,2,0.1%
r/onlyfansadvice,2,0.1%
r/automation,2,0.1%
r/codyko,2,0.1%
r/sushi,2,0.1%
r/hvacadvice,2,0.1%
r/datarecovery,2,0.1%
r/AfterEffects,2,0.1%
r/Blasphemous,2,0.1%
r/StVO,2,0.1%
r/Ultralight,2,0.1%
r/unipd,2,0.1%
r/RealOrAI,2,0.1%
r/JetLagTheGame,2,0.1%
r/bookscirclejerk,2,0.1%
r/AltFashion,2,0.1%
r/iiser,2,0.1%
r/thebadbatch,2,0.1%
r/IronmanTriathlon,2,0.1%
r/doodles,2,0.1%
r/notebooklm,2,0.1%
r/oddlyspecific,2,0.1%
r/unexpectedoffice,2,0.1%
r/PeopleFuckingDying,2,0.1%
r/fit,2,0.1%
r/JavaFX,2,0.1%
r/LargeLanguageModels,2,0.1%
r/VideoEditing,2,0.1%
r/transitTurkey,2,0.1%
r/VampireSurvivors,2,0.1%
r/kingdomcome,2,0.1%
r/Syria,2,0.1%
r/CUDA,2,0.1%
r/Brawlhalla,2,0.1%
r/AreTheStraightsOK,2,0.1%
r/Odoo,2,0.1%
r/Boruto,2,0.1%
r/samsungnotes,2,0.1%
r/BITSAT,2,0.1%
r/watchmaking,2,0.1%
r/Photography_Gear,2,0.1%
r/nikon_Zseries,2,0.1%
r/IdleHeroes,2,0.1%
r/MrBeast,2,0.1%
r/cosplay,2,0.1%
r/touhou,2,0.1%
r/NuxTakuSubmissions,2,0.1%
r/Solothurn,2,0.1%
r/nicefrance,2,0.1%
r/AskTeachers,2,0.1%
r/Lawyertalk,2,0.1%
r/Rengarmains,2,0.1%
r/TextingTheory,2,0.1%
r/Dariusmains,2,0.1%
r/DirtySionMains,2,0.1%
r/UOB,2,0.1%
r/bindingofisaac,2,0.1%
r/Avatar,2,0.1%
r/mildyinteresting,2,0.1%
r/Bitwarden,2,0.1%
r/ultrawidemasterrace,2,0.1%
r/OriAndTheBlindForest,2,0.1%
r/Handhelds,2,0.1%
r/whatsongisthis,2,0.1%
r/phone,2,0.1%
r/simonfraser,2,0.1%
r/MauriceMauritius,2,0.1%
r/RadiationTherapy,2,0.1%
r/IndiaBusiness,2,0.1%
r/coldemail,2,0.1%
r/influencermarketing,2,0.1%
r/TecDeMonterrey,2,0.1%
r/bundeswehr,2,0.1%
r/AnorexiaNervosa,2,0.1%
r/Dofus,2,0.1%
r/mariokart,2,0.1%
r/pokerogue,2,0.1%
r/NothingTech,2,0.1%
r/classical_circlejerk,2,0.1%
r/mealtimevideos,2,0.1%
r/quityourbullshit,2,0.1%
r/gettingbigger,2,0.1%
r/KTM,2,0.1%
r/FantasyPL,2,0.1%
r/OntarioGrade12s,2,0.1%
r/HPVictus,2,0.1%
r/Shoes,2,0.1%
r/ThriftStoreHauls,2,0.1%
r/abusiverelationships,2,0.1%
r/OCD,2,0.1%
r/MacUni,2,0.1%
r/Anu,2,0.1%
r/nycrail,2,0.1%
r/shittyskylines,2,0.1%
r/linuxmasterrace,2,0.1%
r/openstreetmap,2,0.1%
r/KLM,2,0.1%
r/ASML,2,0.1%
r/yerbamate,2,0.1%
r/longhair,2,0.1%
r/MadeOfStyrofoam,2,0.1%
r/RoyaleRecruit,2,0.1%
r/Skullcandy,2,0.1%
r/MSI_Gaming,2,0.1%
r/Pottery,2,0.1%
r/goddesses,2,0.1%
r/brdev,2,0.1%
r/AskHealth,2,0.1%
r/ModernWarfareII,2,0.1%
r/Sculpture,2,0.1%
r/Rabbits,2,0.1%
r/find,2,0.1%
r/whatisthiscar,2,0.1%
r/Snus,2,0.1%
r/fcbasel,2,0.1%
r/helldivers2,2,0.1%
r/UCDavis,2,0.1%
r/BunnyTrials,2,0.1%
r/GeoPuzzle,2,0.1%
r/CelebrityLookalikes,2,0.1%
r/oscarrace,2,0.1%
r/hoggit,2,0.1%
r/hotas,2,0.1%
r/DreamWasTaken,2,0.1%
r/IndianHipHopHeads,2,0.1%
r/AllHayganeen,2,0.1%
r/outfitoftheday,2,0.1%
r/webdevelopment,2,0.1%
r/Muslim,2,0.1%
r/thepassportbros,2,0.1%
r/FIREPakistan,2,0.1%
r/Chipotle,2,0.1%
r/sandiego,2,0.1%
r/csuf,2,0.1%
r/sbubby,2,0.1%
r/kashmir,2,0.1%
r/nhentai,2,0.1%
r/burdurland,2,0.1%
r/SmashBrosUltimate,2,0.1%
r/LTB_iel,2,0.1%
r/XXXTENTACION,2,0.1%
r/CalPoly,2,0.1%
r/WarCry,2,0.1%
r/postrock,2,0.1%
r/serverless,2,0.1%
r/Substack,2,0.1%
r/WhatsappBusinessAPI,2,0.1%
r/indianaviation,2,0.1%
r/LLM,2,0.1%
r/TheYardPodcast,2,0.1%
r/coins,2,0.1%
r/teefies,2,0.1%
r/electricians,2,0.1%
r/SmartThings,2,0.1%
r/relationship_advicePH,2,0.1%
r/vedicastrology,2,0.1%
r/TUBraunschweig,2,0.1%
r/Trumpvirus,2,0.1%
r/lotrmemes,2,0.1%
r/RimWorld,2,0.1%
r/Type1Diabetes,2,0.1%
r/dwarffortress,2,0.1%
r/gangstaswithwaifus,2,0.1%
r/TNOmod,2,0.1%
r/BielBienne,2,0.1%
r/hci,2,0.1%
r/psychologyresearch,2,0.1%
r/DeadlockTheGame,2,0.1%
r/2XKO,2,0.1%
r/OSU,2,0.1%
r/SurveyCircle,2,0.1%
r/IndoorGarden,2,0.1%
r/plant,2,0.1%
r/UXResearch,2,0.1%
r/oilandgasworkers,2,0.1%
r/okbuddyhasan,2,0.1%
r/bucuresti,2,0.1%
r/visualnovels,2,0.1%
r/BorderlinePDisorder,2,0.1%
r/FUCKYOUINPARTICULAR,2,0.1%
r/Weird,2,0.1%
r/emergencymedicine,2,0.1%
r/ChronicIllness,2,0.1%
r/domesticviolence,2,0.1%
r/witchcraft,2,0.1%
r/IndianFood,2,0.1%
r/Indianbooks,2,0.1%
r/ECAdvice,2,0.1%
r/Hannover,2,0.1%
r/fuberlin,2,0.1%
r/BG3Builds,2,0.1%
r/Bannerlord_MODS,2,0.1%
r/EldenRingBuilds,2,0.1%
r/gabber,2,0.1%
r/entp,2,0.1%
r/Euroleague,2,0.1%
r/PokemonMisprints,2,0.1%
r/Berklee,2,0.1%
r/EngineeringPorn,2,0.1%
r/JapaneseFood,2,0.1%
r/BeginnerWoodWorking,2,0.1%
r/hindumemes,2,0.1%
r/fightgear,2,0.1%
r/singaporeairlines,2,0.1%
r/Tronix,2,0.1%
r/TradingView,2,0.1%
r/Aktien,2,0.1%
r/ww2,2,0.1%
r/settmains,2,0.1%
r/HowToGetTherePH,2,0.1%
r/identifythisfont,2,0.1%
r/FreeKarma4U,2,0.1%
r/printers,2,0.1%
r/AskNetsec,2,0.1%
r/mrrip,2,0.1%
r/AncientGreek,2,0.1%
r/Multicopter,2,0.1%
r/comics,2,0.1%
r/poker,2,0.1%
r/seedboxes,2,0.1%
r/manchester_uni,2,0.1%
r/fsu,2,0.1%
r/FE_Exam,2,0.1%
r/Bad_Cop_No_Donut,2,0.1%
r/pittsburgh,2,0.1%
r/whoop,2,0.1%
r/NonCredibleDefense,2,0.1%
r/guitarrepair,2,0.1%
r/iPhone15Pro,2,0.1%
r/PinkFloydCircleJerk,2,0.1%
r/TemuThings,2,0.1%
r/datavisualization,2,0.1%
r/commandline,2,0.1%
r/yugioh,2,0.1%
r/WWE,2,0.1%
r/reddevils,2,0.1%
r/rnb,2,0.1%
r/ibs,2,0.1%
r/CalPolyPomona,2,0.1%
r/uklaw,2,0.1%
r/F1Game,2,0.1%
r/KrunkerIO,2,0.1%
r/MadeMeSmile,2,0.1%
r/PoliticalHumor,2,0.1%
r/VisitingTenerife,2,0.1%
r/MURICA,2,0.1%
r/dxm,2,0.1%
r/BoJackHorseman,2,0.1%
r/midwestemo,2,0.1%
r/southpark,2,0.1%
r/degreeapprenticeships,2,0.1%
r/SDSGrandCross,2,0.1%
r/askastronomy,2,0.1%
r/httyd,2,0.1%
r/totallynotrobots,2,0.1%
r/HairTransplants,2,0.1%
r/MonsterHunterWorld,2,0.1%
r/overwatch2,2,0.1%
r/horizon,2,0.1%
r/EnterTheGungeon,2,0.1%
r/GodofWar,2,0.1%
r/terrariums,2,0.1%
r/SwissMemes,2,0.1%
r/ansible,2,0.1%
r/jellyfin,2,0.1%
r/ZeroWaste,2,0.1%
r/veganfitness,2,0.1%
r/AmerExit,2,0.1%
r/unpopularkpopopinions,2,0.1%
r/kpopthoughts,2,0.1%
r/traps,2,0.1%
r/NYCinfluencersnark,2,0.1%
r/Vindicta,2,0.1%
r/20hirnzelle,2,0.1%
r/ElectroBOOM,2,0.1%
r/naturfreunde,2,0.1%
r/okbuddycinephile,2,0.1%
r/TrueDetective,2,0.1%
r/dankchristianmemes,2,0.1%
r/adhdmeme,2,0.1%
r/Hungergames,2,0.1%
r/pythonhelp,2,0.1%
r/RaceTrackDesigns,2,0.1%
r/securityCTF,2,0.1%
r/marketingagency,2,0.1%
r/davidgoggins,2,0.1%
r/GTA6,2,0.1%
r/Aarhus,2,0.1%
r/PersonalFinanceGreece,2,0.1%
r/Nijmegen,2,0.1%
r/IndianStreetBets,2,0.1%
r/sveltejs,2,0.1%
r/GoogleColab,2,0.1%
r/acheiaskylahh_,2,0.1%
r/Japaneselanguage,2,0.1%
r/iamverybadass,2,0.1%
r/niceguys,2,0.1%
r/scooters,2,0.1%
r/AskFeminists,2,0.1%
r/queer,2,0.1%
r/MinecraftHelp,2,0.1%
r/CryptoMoonShots,2,0.1%
r/Moonshotcoins,2,0.1%
r/CryptoBanter,2,0.1%
r/NftGiveawayOnly,2,0.1%
r/EtherMining,2,0.1%
r/Pepecryptocurrency,2,0.1%
r/SHIBArmy,2,0.1%
r/Warzone,2,0.1%
r/algorand,2,0.1%
r/CryptoFR,2,0.1%
r/premedcanada,2,0.1%
r/skamtebord,2,0.1%
r/agedlikemilk,2,0.1%
r/Ask_Lawyers,2,0.1%
r/UCSC,2,0.1%
r/ucr,2,0.1%
r/GaState,2,0.1%
r/Hyundai,2,0.1%
r/LoveIsBlindNetflix,2,0.1%
r/Cookies,2,0.1%
r/houston,2,0.1%
r/ecology,2,0.1%
r/witcher,2,0.1%
r/erlangen,2,0.1%
r/ProCreate,2,0.1%
r/grindr,2,0.1%
r/PSLF,2,0.1%
r/DesignDesign,2,0.1%
r/IndustrialDesign,2,0.1%
r/Portland,2,0.1%
r/nevertellmetheodds,2,0.1%
r/Nioh,2,0.1%
r/HarryPotterGame,2,0.1%
r/InjusticeMobile,2,0.1%
r/accidentalswastika,2,0.1%
r/PornhubComments,2,0.1%
r/cursed_chemistry,2,0.1%
r/restofthefuckingowl,2,0.1%
r/redditsings,2,0.1%
r/askSouthAfrica,2,0.1%
r/DarkHeresy,2,0.1%
r/godtiersuperpowers,2,0.1%
r/Hue,2,0.1%
r/WritingPrompts,2,0.1%
r/OldSchoolCool,2,0.1%
r/StoneIsland,2,0.1%
r/MCFC,2,0.1%
r/URochester,2,0.1%
r/StockMarketIndia,2,0.1%
r/Blogging,2,0.1%
r/pygame,2,0.1%
r/mht_cet,2,0.1%
r/Emory,2,0.1%
r/averageredditor,2,0.1%
r/GCXRep,2,0.1%
r/newreddits,2,0.1%
r/FUTMobile,2,0.1%
r/FAANGrecruiting,2,0.1%
r/azerbaijan,2,0.1%
r/ratemycock,2,0.1%
r/CPTSDmemes,2,0.1%
r/customhearthstone,2,0.1%
r/Eyebleach,2,0.1%
r/ankara,2,0.1%
r/Fundraisers,2,0.1%
r/monarchism,2,0.1%
r/logic,2,0.1%
r/AutisticAdults,2,0.1%
r/newjersey,2,0.1%
r/florida,2,0.1%
r/CasualUK,2,0.1%
r/Jewish,2,0.1%
r/boating,2,0.1%
r/cyprus,2,0.1%
r/PrintedWarhammer,2,0.1%
r/IDmydog,2,0.1%
r/AeroPress,2,0.1%
r/LandscapeAstro,2,0.1%
r/scala,2,0.1%
r/unix,2,0.1%
r/contacts,2,0.1%
r/Albedomains,2,0.1%
r/alanwalker,2,0.1%
r/LofiHipHop,2,0.1%
r/Re_Zero,2,0.1%
r/vaynemains,2,0.1%
r/hardwareswap,2,0.1%
r/China_irl,2,0.1%
r/defi,2,0.1%
r/googlesheets,2,0.1%
r/CheggAnswers,2,0.1%
r/coys,2,0.1%
r/theoreticalcs,2,0.1%
r/marinebiology,2,0.1%
r/linuxaudio,2,0.1%
r/Microbiome,2,0.1%
r/indiegames,2,0.1%
r/IndiaTax,2,0.1%
r/travisandtaylor,2,0.1%
r/Udemy,2,0.1%
r/lostmedia,2,0.1%
r/ECers,2,0.1%
r/Piratefolk,2,0.1%
r/makeuptips,2,0.1%
r/koreatravel,2,0.1%
r/nier,2,0.1%
r/FlutterDev,2,0.1%
r/macgaming,2,0.1%
r/DevelEire,2,0.1%
r/Journaling,2,0.1%
r/Draingang,2,0.1%
r/Pinterest,2,0.1%
r/urbanexploration,2,0.1%
r/textbook_piracy,2,0.1%
r/botw,2,0.1%
r/Audi,2,0.1%
r/MicrosoftEdge,2,0.1%
r/modafinil,2,0.1%
r/EDM,2,0.1%
r/Coconaad,2,0.1%
r/indianroleplay,2,0.1%
r/androidthemes,2,0.1%
r/alopecia_areata,2,0.1%
r/francetourisme,2,0.1%
r/sugarfree,2,0.1%
r/Probability,2,0.1%
r/GoldandBlack,2,0.1%
r/DMAcademy,2,0.1%
r/CurseofStrahd,2,0.1%
r/antinatalism,2,0.1%
r/uwashington,2,0.1%
r/Huel,2,0.1%
r/SpringBoot,2,0.1%
r/fritzbox,2,0.1%
r/suggestapc,2,0.1%
r/ArubaNetworks,2,0.1%
r/tjournal_refugees,2,0.1%
r/iOSBeta,2,0.1%
r/StupidFood,2,0.1%
r/PizzaCrimes,2,0.1%
r/BikiniBottomTwitter,2,0.1%
r/whatsthisbird,2,0.1%
r/Entomology,2,0.1%
r/COVID19positive,2,0.1%
r/moviescirclejerk,2,0.1%
r/biologymemes,2,0.1%
r/microscopy,2,0.1%
r/NevilleGoddard,2,0.1%
r/Seattle,2,0.1%
r/SeattleWA,2,0.1%
r/FlowZ13,2,0.1%
r/BESalary,2,0.1%
r/utdallas,2,0.1%
r/microcontrollers,2,0.1%
r/Mainz,2,0.1%
r/vosfinances,2,0.1%
r/HayDay,2,0.1%
r/friends_tv_show,2,0.1%
r/Trackdays,2,0.1%
r/RotMG,2,0.1%
r/sennheiser,2,0.1%
r/SIBO,2,0.1%
r/Wavyhair,2,0.1%
r/Garten,2,0.1%
r/worldcup,2,0.1%
r/mildlyvagina,2,0.1%
r/beards,2,0.1%
r/Careers,2,0.1%
r/malaysians,2,0.1%
r/FREE,2,0.1%
r/IGCSE2024,2,0.1%
r/Chinavisa,2,0.1%
r/AskTechnology,2,0.1%
r/COVID19,2,0.1%
r/allthingsprotoss,2,0.1%
r/AllThingsTerran,2,0.1%
r/Network,2,0.1%
r/europeanunion,2,0.1%
r/CarnegieMellon,2,0.1%
r/freelancing,2,0.1%
r/BollyBlindsNGossip,2,0.1%
r/cakeday,2,0.1%
r/Dallas,2,0.1%
r/Atlanta,2,0.1%
r/hajimenoippo,2,0.1%
r/animation,2,0.1%
r/AshitaNoJoe,2,0.1%
r/berserklejerk,2,0.1%
r/ptcgo,2,0.1%
r/Artadvice,2,0.1%
r/brocku,2,0.1%
r/Gedichte,2,0.1%
r/poetry_critics,2,0.1%
r/spacefrogs,2,0.1%
r/KaiOS,2,0.1%
r/indiansinusa,2,0.1%
r/ahmedabad,2,0.1%
r/photographs,2,0.1%
r/woweconomy,2,0.1%
r/ThePrimeagenReact,2,0.1%
r/Antwerpen,2,0.1%
r/BadenAG,2,0.1%
r/NuclearPower,2,0.1%
r/UniversityOfOslo,2,0.1%
r/Philippines,2,0.1%
r/StructuralEngineering,2,0.1%
r/BlackClover,2,0.1%
r/glasgow,2,0.1%
r/Papaplatte,2,0.1%
r/starcitizen,2,0.1%
r/qatarairways,2,0.1%
r/TOR,2,0.1%
r/bigdickproblems,2,0.1%
r/HiTMAN,2,0.1%
r/ask_Bondha,2,0.1%
r/HOT_RP_INDIA,2,0.1%
r/Competitiveoverwatch,2,0.1%
r/flightradar24,2,0.1%
r/birding,2,0.1%
r/howto,2,0.1%
r/IndianPets,2,0.1%
r/Arrangedmarriage,2,0.1%
r/Coldplay,2,0.1%
r/Yugioh101,2,0.1%
r/Iceland,2,0.1%
r/gsoc2025,2,0.1%
r/FitnessMaterialHeaven,2,0.1%
r/lianli,2,0.1%
r/Staiy,2,0.1%
r/panamaexpats,2,0.1%
r/finance,2,0.1%
r/IST,2,0.1%
r/shittymobilegameads,2,0.1%
r/microdosing,2,0.1%
r/hoi4modding,2,0.1%
r/businessschool,2,0.1%
r/FATTravel,2,0.1%
r/dkkarriere,2,0.1%
r/Visakhapatnam,2,0.1%
r/AstroGaming,2,0.1%
r/DealsReddit,2,0.1%
r/swingersgermany,2,0.1%
r/demonssouls,2,0.1%
r/pedale,2,0.1%
r/kustom,2,0.1%
r/UnboxParadigm,2,0.1%
r/HogwartsLegacyGaming,2,0.1%
r/Outdoors,2,0.1%
r/rusAskReddit,2,0.1%
r/Cholesterol,2,0.1%
r/Aeroplan,2,0.1%
r/mullvadvpn,2,0.1%
r/grammar,2,0.1%
r/Military,2,0.1%
r/amihot,2,0.1%
r/ArchitecturePorn,2,0.1%
r/apphysics,2,0.1%
r/portugal,2,0.1%
r/PoliticalDiscussion,2,0.1%
r/BitcoinBeginners,2,0.1%
r/GadoliniumToxicity,2,0.1%
r/graz,2,0.1%
r/GriefSupport,2,0.1%
r/dogelon,2,0.1%
r/kubernetes,2,0.1%
r/AskTeenGirls,2,0.1%
r/AskTeens,2,0.1%
r/TransDIY,2,0.1%
r/sanpedrocactusforsale,2,0.1%
r/germantrans,2,0.1%
r/SubredditDrama,2,0.1%
r/ParadoxExtra,2,0.1%
r/ihadastroke,2,0.1%
r/Apartmentliving,2,0.1%
r/swisshot6,2,0.1%
r/titanic,2,0.1%
r/FootFetishTalks,2,0.1%
r/TikTokFeet,2,0.1%
r/monerosupport,2,0.1%
r/rimjob_steve,2,0.1%
r/yonsei,2,0.1%
r/Porsche,2,0.1%
r/furry,2,0.1%
r/trackers,2,0.1%
r/textbook,2,0.1%
r/Lenzburg,2,0.1%
r/Uster,2,0.1%
r/graubunden,2,0.1%
r/doener,2,0.1%
r/LaserHairRemoval,2,0.1%
r/scifiwriting,2,0.1%
r/AlgoNFTMarketplace,2,0.1%
r/nftsupermarket,2,0.1%
r/CryptoMexico,2,0.1%
r/NFTheaven,2,0.1%
r/IoTeX,2,0.1%
r/QuantNetwork,2,0.1%
r/MyEtherWallet,2,0.1%
r/Sweateconomy,2,0.1%
r/IOTAmarkets,2,0.1%
r/BlockchainStartups,2,0.1%
r/argentina,2,0.1%
r/vim,2,0.1%
r/Moscow,2,0.1%
r/ZedEditor,2,0.1%
r/Salzburg,2,0.1%
r/PlayStationPlus,2,0.1%
r/swtor,2,0.1%
r/DungeonsAndDragons,2,0.1%
r/glorious,2,0.1%
r/WhatsThisSong,2,0.1%
r/AppleWatchFitness,2,0.1%
r/CBD,2,0.1%
r/ReadMyECG,2,0.1%
r/maths,2,0.1%
r/BonerMaterial,2,0.1%
r/AvatarMemes,2,0.1%
r/evangelionmemes,2,0.1%
r/Marriage,2,0.1%
r/CatsAndSoup,2,0.1%
r/Leipzig,2,0.1%
r/bremen,2,0.1%
r/cologne,2,0.1%
r/ExplainTheJoke,2,0.1%
r/Gliding,2,0.1%
r/IndiaFashionStreet,2,0.1%
r/KoreanBeauty,2,0.1%
r/Riga,2,0.1%
r/Eesti,2,0.1%
r/LukeMianiYouTube,2,0.1%
r/airbnb_hosts,2,0.1%
r/delta,2,0.1%
r/transgenderau,2,0.1%
r/menwritingwomen,2,0.1%
r/Pikabu,2,0.1%
r/apcalculus,2,0.1%
r/Yamaha,2,0.1%
r/CaminoDeSantiago,2,0.1%
r/QatarCareers,2,0.1%
r/Lithium,2,0.1%
r/Enneagram,2,0.1%
r/Indiangamers,2,0.1%
r/NZXT,2,0.1%
r/WorldofTanks,2,0.1%
r/AskLawyers,2,0.1%
r/meat,2,0.1%
r/Anemic,2,0.1%
r/CryptoInvesting,2,0.1%
r/LGOLED,2,0.1%
r/dyinglight,2,0.1%
r/fatFIRE,2,0.1%
r/AimeLeonDore,2,0.1%
r/VaushV,2,0.1%
r/TheRightCantMeme,2,0.1%
r/aifails,2,0.1%
r/web_design,2,0.1%
r/LGBTindia,2,0.1%
r/augmentedreality,2,0.1%
r/aiwars,2,0.1%
r/worldcoin,2,0.1%
r/tollywood,2,0.1%
r/real_China_irl,2,0.1%
r/EuropeanFederalists,2,0.1%
r/MexicoCity,2,0.1%
r/prozac,2,0.1%
r/TheMandalorianTV,2,0.1%
r/sciencefiction,2,0.1%
r/georgism,2,0.1%
r/placeCH,2,0.1%
r/linguistics,2,0.1%
r/travelphotos,2,0.1%
r/Mommit,2,0.1%
r/anycubic,2,0.1%
r/Helldivers,2,0.1%
r/PhdProductivity,2,0.1%
r/UniversityofReddit,2,0.1%
r/technicalwriting,2,0.1%
r/blogger,2,0.1%
r/WriteIvy,2,0.1%
r/liechtenstein,2,0.1%
r/threebodyproblem,2,0.1%
r/Drexel,2,0.1%
r/Zamnesia,2,0.1%
r/ipl,2,0.1%
r/SwitchHacks,2,0.1%
r/coolgithubprojects,2,0.1%
r/BuenosAires,2,0.1%
r/VPN,2,0.1%
r/Keychron,2,0.1%
r/gay_irl,2,0.1%
r/DCcomics,2,0.1%
r/wherecanibuythis,2,0.1%
r/besoindeparler,2,0.1%
r/dessert,2,0.1%
r/logodesign,2,0.1%
r/shoppingaddiction,2,0.1%
r/vegetarian,2,0.1%
r/X4Foundations,2,0.1%
r/IndianaUniversity,2,0.1%
r/PowerApps,2,0.1%
r/LFMMO,2,0.1%
r/Slack,2,0.1%
r/Concerta,2,0.1%
r/UniSwap,2,0.1%
